,place_code,ItemID,address,local,category
0,STORE_JRO0001,광고살롱순라,서울 종로구 율곡로10길 75,(지번) 권농동 187-7,이탈리안
1,STORE_JRO0002,광고오라이등심,서울 종로구 종로32길 23-5,(지번) 종로5가 395-10,갈비
2,STORE_JRO0003,광고종로고기집 종로본점,서울 종로구 삼일대로19길 19,(지번) 관철동 13-10,"육류,고기"
3,STORE_JRO0004,카페노티드 안국,서울 종로구 북촌로 6-3 1층,(지번) 재동 86,카페
4,STORE_JRO0005,블루보틀 삼청한옥,서울 종로구 북촌로5길 76,(지번) 소격동 86,카페
5,STORE_JRO0006,스태픽스,서울 종로구 사직로9길 22 102호,(지번) 필운동 32-1,카페
6,STORE_JRO0007,소금집델리 안국,서울 종로구 북촌로4길 19 1층,(지번) 계동 101-12,양식
7,STORE_JRO0008,다운타우너 안국,서울 종로구 북촌로 6-4 1층,(지번) 재동 85-3,햄버거
8,STORE_JRO0009,온천집 익선,서울 종로구 돈화문로11나길 31-8 1층,(지번) 익선동 128-3,샤브샤브
9,STORE_JRO0010,청진옥 본점,서울 종로구 종로3길 32,(지번) 청진동 183-1,해장국
10,STORE_JRO0011,광화문미진 본점,서울 종로구 종로 19 르메이에르 종로타운 1층,(지번) 청진동 146,국수
11,STORE_JRO0012,삼청동수제비,서울 종로구 삼청로 101-1,(지번) 삼청동 102-2,수제비
12,STORE_JRO0013,산모퉁이,서울 종로구 백석동길 153,(지번) 부암동 97-5,카페
13,STORE_JRO0014,이문설농탕,서울 종로구 우정국로 38-13,(지번) 견지동 88,설렁탕
14,STORE_JRO0015,진옥화 할매원조닭한마리 본점,서울 종로구 종로40가길 18,(지번) 종로5가 265-22,닭요리
15,STORE_JRO0016,토속촌삼계탕,서울 종로구 자하문로5길 5,(지번) 체부동 85-1,삼계탕
16,STORE_JRO0017,잘빠진메밀 서촌점,서울 종로구 자하문로11길 4,(지번) 통인동 120,국수
17,STORE_JRO0018,깡통만두,서울 종로구 북촌로2길 5-6,(지번) 재동 84-22,분식
18,STORE_JRO0019,어니언 안국점,서울 종로구 계동길 5,(지번) 계동 146-1,카페
19,STORE_JRO0020,황생가칼국수,서울 종로구 북촌로5길 78,(지번) 소격동 84,국수
20,STORE_JRO0021,유진식당,서울 종로구 종로17길 40,(지번) 낙원동 221,한식
21,STORE_JRO0022,경양카츠,서울 종로구 수표로28길 15,(지번) 익선동 166-60,"돈까스,우동"
22,STORE_JRO0023,원조순희네육회빈대떡,서울 종로구 종로32길 5,(지번) 종로5가 138-9,한식
23,STORE_JRO0024,계림 종로본점,서울 종로구 돈화문로4길 39,(지번) 종로3가 167,닭요리
24,STORE_JRO0025,부촌육회,서울 종로구 종로 200-12,(지번) 종로4가 165-11,"육류,고기"
25,STORE_JRO0026,더피아노,서울 종로구 평창6길 71,(지번) 평창동 444-1,커피전문점
26,STORE_JRO0027,자하손만두,서울 종로구 백석동길 12,(지번) 부암동 245-2,한식
27,STORE_JRO0028,서촌계단집,서울 종로구 자하문로1길 15 1층,(지번) 내자동 11-1,"해물,생선"
28,STORE_JRO0029,오죽이네,서울 종로구 돈화문로11가길 25,(지번) 익선동 156,닭요리
29,STORE_JRO0030,스코프 서촌점,서울 종로구 필운대로5가길 31,(지번) 누하동 90-2,"제과,베이커리"
30,STORE_JRO0031,핏제리아오,서울 종로구 동숭길 48,(지번) 동숭동 31-19,피자
31,STORE_JRO0032,계열사,서울 종로구 백석동길 7,(지번) 부암동 258-3,치킨
32,STORE_JRO0033,정돈,서울 종로구 대학로9길 12 지하1층,(지번) 명륜4가 107,"돈까스,우동"
33,STORE_JRO0034,프릳츠 원서점,서울 종로구 율곡로 83,(지번) 원서동 221-1,카페
34,STORE_JRO0035,아델라베일리,서울 종로구 북악산로 48,(지번) 부암동 23-3,이탈리안
35,STORE_JRO0036,찬양집,서울 종로구 돈화문로11다길 5,(지번) 돈의동 27,국수
36,STORE_JRO0037,호호식당 대학로점,서울 종로구 대학로9길 35 1층,(지번) 명륜4가 143,일식
37,STORE_JRO0038,테라로사 광화문점,서울 종로구 종로1길 50,(지번) 중학동 19,커피전문점
38,STORE_JRO0039,백제정육점,서울 종로구 종로35길 34,(지번) 효제동 155,"육류,고기"
39,STORE_JRO0040,스미스가좋아하는한옥,서울 종로구 삼청로 22-7,(지번) 사간동 62-1,이탈리안
40,STORE_JRO0041,대성집,서울 종로구 사직로 5,(지번) 행촌동 209-35,해장국
41,STORE_JRO0042,아키비스트,서울 종로구 효자로13길 52,(지번) 효자동 164-7,카페
42,STORE_JRO0043,포비 광화문점,서울 종로구 종로3길 17 광화문D타워 1층 21호,(지번) 청진동 246,카페
43,STORE_JRO0044,진진수라 광화문점,서울 종로구 종로5길 7 타워8빌딩 지하 2층 201-206호,(지번) 청진동 128,한정식
44,STORE_JRO0045,라그릴리아 광화문점,서울 종로구 청계천로 11 청계한국빌딩 2층,(지번) 서린동 149,이탈리안
45,STORE_JRO0046,육회자매집 본점1호점,서울 종로구 종로 200-4 지상1층,(지번) 종로4가 177,"육류,고기"
46,STORE_JRO0047,엄용백돼지국밥 종각점,서울 종로구 인사동3길 20,(지번) 인사동 194-28,국밥
47,STORE_JRO0048,에베레스트레스토랑 동대문점,서울 종로구 종로51가길 2-1 2층,(지번) 창신동 148-1,인도음식
48,STORE_JRO0049,스코프 부암점,서울 종로구 창의문로 149,(지번) 부암동 278-5,"제과,베이커리"
49,STORE_JRO0050,백부장집닭한마리 본관,서울 종로구 삼봉로 100-1,(지번) 공평동 129,닭요리
50,STORE_JRO0051,칸다소바 경복궁점,서울 종로구 자하문로7길 5 1층,(지번) 체부동 28-2,일본식라면
51,STORE_JRO0052,나누미떡볶이 성대본점,서울 종로구 성균관로 9-1,(지번) 명륜2가 225,떡볶이
52,STORE_JRO0053,박순례손말이고기 산정집 광화문점,서울 종로구 새문안로5가길 3-10 선덕빌딩 2층,(지번) 당주동 3-2,"육류,고기"
53,STORE_JRO0054,도토리브라더스,서울 종로구 경희궁길 41 1층,(지번) 신문로2가 1-248,일식
54,STORE_JRO0055,마이클 바이 해비치,서울 종로구 우정국로 26 센트로폴리스 B타워 2층,(지번) 공평동 5-1,이탈리안
55,STORE_JRO0056,청수당,서울 종로구 돈화문로11나길 31-9,(지번) 익선동 144,카페
56,STORE_JRO0057,혜화칼국수,서울 종로구 창경궁로35길 13,(지번) 혜화동 84-3,국수
57,STORE_JRO0058,레이어드,서울 종로구 북촌로2길 2-3,(지번) 재동 84-14,카페
58,STORE_JRO0059,포비브라이트 광화문점,서울 종로구 새문안로 76,(지번) 신문로1가 115,카페
59,STORE_JRO0060,나무사이로,서울 종로구 사직로8길 21,(지번) 내자동 196,커피전문점
60,STORE_JRO0061,개뿔,서울 종로구 낙산성곽서1길 26 1~2층,(지번) 이화동 9-443,갤러리카페
61,STORE_JRO0062,우육면관 청계천점,서울 종로구 청계천로 75-2,(지번) 관철동 11-11,중식
62,STORE_JRO0063,창신동매운족발 본점,서울 종로구 종로51길 23,(지번) 창신동 581-5,"족발,보쌈"
63,STORE_JRO0064,올모스트홈카페 아트선재센터점,서울 종로구 소격동 144-2,,카페
64,STORE_JRO0065,혜화도담,서울 종로구 대명1길 16-6 1층,(지번) 명륜4가 48-2,한식
65,STORE_JRO0066,갓덴스시 종로점,서울 종로구 종로12길 14,(지번) 관철동 19-1,"초밥,롤"
66,STORE_JRO0067,광화문한옥집,서울 종로구 새문안로5가길 7 세종클럽 지하 1층,(지번) 내수동 1,한식
67,STORE_JRO0068,잘빠진메밀 2호점,서울 종로구 율곡로8길 73 1층,(지번) 묘동 3-1,국수
68,STORE_JRO0069,순대실록 대학로본점,서울 종로구 동숭길 127 우성빌딩 2층,(지번) 동숭동 1-41,순대
69,STORE_JRO0070,학림다방,서울 종로구 대학로 119 2층,(지번) 명륜4가 94-2,다방
70,STORE_JRO0071,도마 인사점,서울 종로구 인사동8길 6-1,(지번) 관훈동 15-1,한식
71,STORE_JRO0072,낙산냉면,"서울 종로구 지봉로5길 8 1,2층",(지번) 창신동 81-8,냉면
72,STORE_JRO0073,대련집,서울 종로구 종로16길 37,(지번) 관수동 163,국수
73,STORE_JRO0074,수와래,서울 종로구 삼청로 82 2층,(지번) 삼청동 35-116,이탈리안
74,STORE_JRO0075,르블란서,서울 종로구 수표로28길 30,(지번) 돈의동 26,양식
75,STORE_JRO0076,카페아르크,서울 종로구 인왕산로 3 위쿡 1층,(지번) 사직동 262-4,카페
76,STORE_JRO0077,부빙,서울 종로구 창의문로 136,(지번) 부암동 254-2,카페
77,STORE_JRO0078,북악정,서울 종로구 평창36길 6,(지번) 평창동 114-12,갈비
78,STORE_JRO0079,체부동잔치집,서울 종로구 자하문로1길 16 1층,(지번) 체부동 190,국수
79,STORE_JRO0080,몽중헌 안국점,서울 종로구 북촌로 31-22,(지번) 화동 117,중화요리
80,STORE_JRO0081,평원숯불갈비,서울 종로구 종로39길 29,(지번) 효제동 174-6,갈비
81,STORE_JRO0082,고가빈커리하우스,서울 종로구 경희궁2길 7 3층,(지번) 내수동 110-48,인도음식
82,STORE_JRO0083,양반댁,서울 종로구 인사동길 19-18,(지번) 인사동 193-5,한정식
83,STORE_JRO0084,교대이층집 광화문점,서울 종로구 삼봉로 95 대성스카이렉스오피스텔 102동 1층,(지번) 견지동 110,삼겹살
84,STORE_JRO0085,이경문순대곱창,서울 종로구 돈화문로11나길 5,(지번) 돈의동 11-1,순대
85,STORE_JRO0086,H라운지,서울 종로구 자하문로4길 21-9,(지번) 통의동 35-21,카페
86,STORE_JRO0087,인왕산 대충유원지,서울 종로구 필운대로 46 무목적빌딩 4층,(지번) 누하동 22,카페
87,STORE_JRO0088,서린낙지,서울 종로구 종로 19 르메이에르 종로타운 2층,(지번) 청진동 146,"해물,생선"
88,STORE_JRO0089,안주마을,서울 종로구 자하문로1길 3,(지번) 내자동 1-2,"호프,요리주점"
89,STORE_JRO0090,암소서울,서울 종로구 새문안로 76 지하1층,(지번) 신문로1가 115,한식
90,STORE_JRO0091,일품당 광화문점,서울 종로구 세종대로23길 25,(지번) 당주동 16-1,샤브샤브
91,STORE_JRO0092,양연화로 종로직영점,서울 종로구 삼일대로17길 18,(지번) 관철동 13-5,"육류,고기"
92,STORE_JRO0093,원조원할매소문난닭한마리,서울 종로구 종로5가 282-21,,닭요리
93,STORE_JRO0094,하이웨스트 익선,서울 종로구 돈화문로11다길 18,(지번) 돈의동 13,카페
94,STORE_JRO0095,광화문뚝감,서울 종로구 새문안로3길 21,(지번) 당주동 128-14,감자탕
95,STORE_JRO0096,하림각,서울 종로구 자하문로 255,(지번) 부암동 188,중화요리
96,STORE_JRO0097,창화당 익선동점,서울 종로구 수표로28길 23,(지번) 익선동 174,분식
97,STORE_JRO0098,레이지버거클럽,서울 종로구 창의문로 137 1층,(지번) 부암동 254-7,햄버거
98,STORE_JRO0099,신도세기 종로점,서울 종로구 삼일대로17길 51 스타골드빌딩 1층,(지번) 관철동 180,"육류,고기"
99,STORE_JRO0100,칸다소바 혜화점,서울 종로구 대학로 131-1 1층,(지번) 명륜4가 24,일본식라면
100,STORE_JRO0101,북한산제빵소 광화문점,서울 종로구 경희궁2길 10,(지번) 내수동 110-9,"제과,베이커리"
101,STORE_JRO0102,샤오바오우육면,서울 종로구 삼일대로17길 15 1층,(지번) 관철동 12-24,중화요리
102,STORE_JRO0103,더키친750,서울 종로구 대학로8가길 80 2층,(지번) 동숭동 1-73,양식
103,STORE_JRO0104,이태리재,서울 종로구 율곡로1길 74-9 1층,(지번) 소격동 158-1,이탈리안
104,STORE_JRO0105,롤인익선,서울 종로구 삼일대로30길 37,(지번) 익선동 93,"초밥,롤"
105,STORE_JRO0106,버거파크 혜화점,서울 종로구 대학로11길 5 1층,(지번) 명륜4가 101-2,햄버거
106,STORE_JRO0107,살라댕방콕,서울 종로구 돈화문로11다길 40,(지번) 익선동 166-16,양식
107,STORE_JRO0108,평양고깃집,서울 종로구 인사동5길 14 2층,(지번) 관훈동 198-32,"육류,고기"
108,STORE_JRO0109,밀크홀1937 종로점,서울 종로구 종로 86-1,(지번) 종로2가 71-5,카페
109,STORE_JRO0110,가스트로통,서울 종로구 자하문로6길 11-36,(지번) 통의동 25-2,양식
110,STORE_JRO0111,노가리슈퍼 익선점,서울 종로구 수표로28길 28,(지번) 돈의동 30,"호프,요리주점"
111,STORE_JRO0112,남도분식 서촌점,서울 종로구 옥인2길 2,(지번) 누상동 52,분식
112,STORE_JRO0113,라카페갤러리,서울 종로구 자하문로10길 28,(지번) 통의동 10,갤러리카페
113,STORE_JRO0114,경춘자의 라면땡기는날,서울 종로구 율곡로3길 82,(지번) 화동 138-21,분식
114,STORE_JRO0115,육회자매집 종로3호점,서울 종로구 종로 208 1층,(지번) 종로5가 138-7,"육류,고기"
115,STORE_JRO0116,호반,서울 종로구 삼일대로26길 20,(지번) 낙원동 85-7,한식
116,STORE_JRO0117,깃대봉냉면 창신본점,서울 종로구 지봉로12길 3,(지번) 숭인동 56-25,냉면
117,STORE_JRO0118,루뽀,서울 종로구 새문안로5길 31 센터포인트빌딩 2층,(지번) 도렴동 65,와인바
118,STORE_JRO0119,메이탄 종로점,서울 종로구 경교장1길 17,(지번) 교남동 50-1,중화요리
119,STORE_JRO0120,모도우 광화문점,서울 종로구 율곡로 6 트윈트리빌딩 B동 지하1층 101호,(지번) 중학동 14,한식
120,STORE_JRO0121,카페키이로,서울 종로구 창경궁로26길 41-3 2층,(지번) 명륜4가 154-2,커피전문점
121,STORE_JRO0122,김권태돈까스백반 신문로본점,서울 종로구 경희궁1길 5 1층,(지번) 신문로2가 1-152,"돈까스,우동"
122,STORE_JRO0123,더마틴,서울 종로구 자하문로 54-1,(지번) 창성동 154,"제과,베이커리"
123,STORE_JRO0124,누하의숲,서울 종로구 필운대로 31-1,(지번) 누하동 175-2,일식집
124,STORE_JRO0125,촌놈,서울 종로구 대학로8가길 48 연경빌딩 2층,(지번) 동숭동 1-47,삼겹살
125,STORE_JRO0126,원조누드치즈김밥,서울 종로구 예지동 249-2 광장시장 41호,,분식
126,STORE_JRO0127,공평동꼼장어 본점,서울 종로구 우정국로 29,(지번) 공평동 120-2,장어
127,STORE_JRO0128,카페뎀셀브즈 종로점,서울 종로구 삼일대로 388 1~3층,(지번) 관철동 5-8,카페
128,STORE_JRO0129,동묘발전소,서울 종로구 종로 322-4,(지번) 창신동 382,"돈까스,우동"
129,STORE_JRO0130,롤링파스타 종로지점,서울 종로구 삼일대로 392,(지번) 관철동 5-5,이탈리안
130,STORE_JRO0131,세광양대창 광화문점,서울 종로구 삼봉로 68 2층,(지번) 청진동 6,"곱창,막창"
131,STORE_JRO0132,꽃밥에피다,서울 종로구 인사동16길 3-6,(지번) 관훈동 118-27,한식
132,STORE_JRO0133,화목순대국 광화문1호점,서울 종로구 새문안로5길 11,(지번) 당주동 40,순대
133,STORE_JRO0134,종로도담,서울 종로구 삼봉로 78,(지번) 청진동 46,한식
134,STORE_JRO0135,클럽에스프레소,서울 종로구 창의문로 132,(지번) 부암동 257-1,커피전문점
135,STORE_JRO0136,오목집 광화문점,"서울 종로구 삼봉로 98 1,2층",(지번) 공평동 125-1,"족발,보쌈"
136,STORE_JRO0137,커피스트,서울 종로구 경희궁길 39 1층,(지번) 신문로2가 1-335,커피전문점
137,STORE_JRO0138,후니도니,서울 종로구 종로 19 르메이르종로타운 지하1층,(지번) 청진동 146,"돈까스,우동"
138,STORE_JRO0139,소소한풍경,서울 종로구 자하문로40길 75,(지번) 부암동 239-13,한식
139,STORE_JRO0140,종로돈부리,서울 종로구 삼일대로 385,(지번) 관철동 7-15,일식집
140,STORE_JRO0141,할매집,서울 종로구 사직로12길 1-5,(지번) 내자동 108,"족발,보쌈"
141,STORE_JRO0142,뎁짜이,서울 종로구 대학로11길 41-4,(지번) 명륜4가 170-2,베트남음식
142,STORE_JRO0143,종로등심,서울 종로구 종로40가길 24 1층,(지번) 종로5가 247-2,"육류,고기"
143,STORE_JRO0144,북촌도담,서울 종로구 북촌로1길 9,(지번) 안국동 133,한식
144,STORE_JRO0145,도트블랭킷,서울 종로구 윤보선길 22 1층,(지번) 안국동 83,카페
145,STORE_JRO0146,그레인바운더리,서울 종로구 삼일대로 388-7 1층,(지번) 관철동 21,테마카페
146,STORE_JRO0147,제이히든하우스,서울 종로구 종로 269-4 1층,(지번) 종로6가 94,카페
147,STORE_JRO0148,살롱순라,서울 종로구 율곡로10길 75,(지번) 권농동 187-7,이탈리안
148,STORE_JRO0149,부산회집,서울 종로구 돈화문로4길 38,(지번) 장사동 85,회
149,STORE_JRO0150,호텔세느장,서울 종로구 돈화문로11길 28-5,(지번) 낙원동 122,디저트카페
150,STORE_JRO0151,깔리,서울 종로구 대학로11길 43,(지번) 명륜4가 170-8,인도음식
151,STORE_JRO0152,대하식당,서울 종로구 자하문로7길 27,(지번) 체부동 17,"육류,고기"
152,STORE_JRO0153,1940금문,서울 종로구 창경궁로 269-1,(지번) 혜화동 122-5,중화요리
153,STORE_JRO0154,가배도 삼청점,서울 종로구 북촌로5길 56-8 101호,(지번) 소격동 142-2,카페
154,STORE_JRO0155,끼룩하우스,서울 종로구 돈화문로11나길 26-4,(지번) 익선동 154-3,카페
155,STORE_JRO0156,mk2,서울 종로구 자하문로10길 17,(지번) 창성동 122-2,카페
156,STORE_JRO0157,밀양손만두,서울 종로구 계동길 52-3,(지번) 계동 140-25,분식
157,STORE_JRO0158,편안한집,서울 종로구 북촌로 133,(지번) 삼청동 27-3,한정식
158,STORE_JRO0159,박가네빈대떡,서울 종로구 종로32길 7 광장시장,(지번) 종로5가 138-10,한식
159,STORE_JRO0160,VIP참치 종로점,서울 종로구 삼일대로15길 25 2층,(지번) 관철동 11-13,참치회
160,STORE_JRO0161,아지오,서울 종로구 인사동11길 23,(지번) 견지동 68-1,양식
161,STORE_JRO0162,스시쿠니,서울 종로구 경교장길 35 팰리스에비뉴 3133호,(지번) 평동 43,"초밥,롤"
162,STORE_JRO0163,대성식당,서울 종로구 종로26길 14-3,(지번) 장사동 127-1,한식
163,STORE_JRO0164,코피티암커피 경복궁점,서울 종로구 자하문로4길 7,(지번) 통의동 35-29,카페
164,STORE_JRO0165,이층양옥,"서울 종로구 돈화문로11나길 28 1,2층",(지번) 익선동 110-4,이탈리안
165,STORE_JRO0166,삿뽀로 관훈점,서울 종로구 인사동5길 38 센터마크호텔 지하1층,(지번) 관훈동 198-42,일식집
166,STORE_JRO0167,크리스탈제이드 광화문상하이팰리스점,서울 종로구 율곡로2길 7 서머셋팰리스 1층 103호,(지번) 수송동 85,중화요리
167,STORE_JRO0168,종로불돼지,서울 종로구 청계천로 67 종로1번가빌딩,(지번) 관철동 155,"육류,고기"
168,STORE_JRO0169,미도인 종로점,서울 종로구 종로 51 지하 2층,(지번) 공평동 70,양식
169,STORE_JRO0170,광화문짬뽕,서울 종로구 종로 19 르메이에르종로타운 2층,(지번) 청진동 146,중화요리
170,STORE_JRO0171,페르시안궁전,서울 종로구 성균관로6길 9,(지번) 명륜2가 121-1,인도음식
171,STORE_JRO0172,와글와글족발,서울 종로구 창신길 18,(지번) 창신동 573-1,"족발,보쌈"
172,STORE_JRO0173,타코벨 광화문점,서울 종로구 새문안로 103 선광빌딩 1층,(지번) 신문로1가 2,"멕시칸,브라질"
173,STORE_JRO0174,맛나분식,서울 종로구 돈화문로6가길 40 1층,(지번) 봉익동 21,분식
174,STORE_JRO0175,스시소라 광화문점,서울 종로구 종로 19 B동 지하1층,(지번) 청진동 146,일식
175,STORE_JRO0176,결,서울 종로구 우정국로 26 센트로폴리스 1층,(지번) 공평동 17,카페
176,STORE_JRO0177,대오서점,서울 종로구 자하문로7길 55,(지번) 누하동 33,카페
177,STORE_JRO0178,한일관 광화문점,서울 종로구 종로1길 50 더케이트윈타워 A동 지하1층,(지번) 중학동 19,한정식
178,STORE_JRO0179,통인동커피공방,서울 종로구 자하문로 41-1,(지번) 통인동 118-3,커피전문점
179,STORE_JRO0180,통인스윗,서울 종로구 자하문로7길 50,(지번) 통인동 73,디저트카페
180,STORE_JRO0181,한옥찻집,서울 종로구 인사동12길 9,(지번) 관훈동 64,전통찻집
181,STORE_JRO0182,독립밀방,서울 종로구 통일로12길 10-18,(지번) 행촌동 209-11,이탈리안
182,STORE_JRO0183,전주식당,서울 종로구 수표로20길 16-17,(지번) 관수동 43-2,한식
183,STORE_JRO0184,칠린,서울 종로구 대학로11길 41-8 1층,(지번) 명륜4가 167-2,카페
184,STORE_JRO0185,슬로우파크,서울 종로구 삼청로 141,(지번) 삼청동 15-2,카페
185,STORE_JRO0186,뽐모도로,서울 종로구 새문안로9길 19-1 일선빌딩 1층,(지번) 당주동 22-1,이탈리안
186,STORE_JRO0187,이자카야나무 종각점,"서울 종로구 종로10길 16 2,3층",(지번) 관철동 43-6,일본식주점
187,STORE_JRO0188,라스위스,서울 종로구 자하문로6길 11-9,(지번) 통의동 25-16,양식
188,STORE_JRO0189,부부식당,서울 종로구 동숭길 43,(지번) 동숭동 1-152,분식
189,STORE_JRO0190,프리모바치오바치 대학로점,서울 종로구 대학로10길 5 2층,(지번) 동숭동 1-60,이탈리안
190,STORE_JRO0191,우와 대학로점,서울 종로구 동숭길 78 2층,(지번) 동숭동 50-24,일식
191,STORE_JRO0192,카페이마,서울 종로구 세종대로 152 일민미술관 1층,(지번) 세종로 139-8,카페
192,STORE_JRO0193,종로설렁탕,서울 종로구 종로 110,(지번) 종로3가 107-2,설렁탕
193,STORE_JRO0194,서울집시,서울 종로구 서순라길 107,(지번) 권농동 182-6,"호프,요리주점"
194,STORE_JRO0195,펠트커피 광화문점,서울 종로구 종로3길 17 b2층,(지번) 청진동 246,카페
195,STORE_JRO0196,종로할머니칼국수 종로본점,서울 종로구 돈화문로11다길 14-2,(지번) 돈의동 49-1,국수
196,STORE_JRO0197,묘미,서울 종로구 율곡로 83 5층,(지번) 원서동 219,한정식
197,STORE_JRO0198,미담헌,서울 종로구 돈화문로11다길 41,(지번) 익선동 166-36,카페
198,STORE_JRO0199,닭만리 익선동점,서울 종로구 돈화문로11길 38,(지번) 낙원동 110,한식
199,STORE_JRO0200,삼해집,서울 종로구 수표로20길 16-15,(지번) 관수동 42,"굴,전복"
200,STORE_JRO0201,파스타마켓,서울 종로구 대학로11길 9-5 1층,(지번) 명륜4가 103-6,이탈리안
201,STORE_JRO0202,옛날민속집 1호점,서울 종로구 진흥로 469,(지번) 구기동 64-5,두부전문점
202,STORE_JRO0203,택이네조개전골 광화문점,서울 종로구 새문안로9길 29,(지번) 당주동 15-8,조개
203,STORE_JRO0204,인사동수제비,서울 종로구 인사동8길 14-1,(지번) 관훈동 29-2,수제비
204,STORE_JRO0205,스톤힐,서울 종로구 자하문로45길 8-11,(지번) 홍지동 133-12,양식
205,STORE_JRO0206,크앙분식 혜화본점,서울 종로구 율곡로 206,(지번) 연건동 195-38,분식
206,STORE_JRO0207,금문장,서울 종로구 지봉로8길 45,(지번) 숭인동 61-30,중화요리
207,STORE_JRO0208,백스트리트피자,서울 종로구 수표로26길 16-2,(지번) 돈의동 75-4,피자
208,STORE_JRO0209,멘야산다이메 대학로점,서울 종로구 창경궁로26길 38-2 1층,(지번) 명륜4가 147-1,일본식라면
209,STORE_JRO0210,능라도 광화문점,서울 종로구 새문안로3길 15 동원빌딩 3층,(지번) 당주동 128-27,냉면
210,STORE_JRO0211,은성횟집,서울 종로구 창경궁로 88 광장시장 45-1호,(지번) 종로4가 165-2,회
211,STORE_JRO0212,디마떼오 대학로점,서울 종로구 동숭길 29,(지번) 동숭동 1-141,피자
212,STORE_JRO0213,르브와 종로점,서울 종로구 우정국로2길 42 4층,(지번) 관철동 19-11,이탈리안
213,STORE_JRO0214,서울프랑스,서울 종로구 대학로12길 53 3층,(지번) 동숭동 1-87,양식
214,STORE_JRO0215,조금,서울 종로구 인사동길 60,(지번) 관훈동 123-4,일식집
215,STORE_JRO0216,청수정,서울 종로구 삼청로 91,(지번) 삼청동 88-23,한식
216,STORE_JRO0217,하이디라오 대학로점,서울 종로구 대학로 146 3층,(지번) 혜화동 90-18,아시아음식
217,STORE_JRO0218,로코랩,서울 종로구 율곡로4길 51,(지번) 수송동 46-13,카페
218,STORE_JRO0219,더숲 초소책방,서울 종로구 인왕산로 172,(지번) 옥인동 산 3-1,북카페
219,STORE_JRO0220,아날로그키친 삼청동점,서울 종로구 삼청로 90-1,(지번) 삼청동 63-28,이탈리안
220,STORE_JRO0221,단상,서울 종로구 북촌로2길 11,(지번) 재동 84-5,퓨전한식
221,STORE_JRO0222,팔오삼,서울 종로구 인사동12길 16 1층,(지번) 관훈동 84-23,한식
222,STORE_JRO0223,솔트24,서울 종로구 율곡로3길 75 1층,(지번) 소격동 149-11,"제과,베이커리"
223,STORE_JRO0224,광화문집,서울 종로구 새문안로5길 10-1,(지번) 당주동 42-2,"찌개,전골"
224,STORE_JRO0225,풍년쌀농산,서울 종로구 북촌로5가길 32,(지번) 화동 81-1,분식
225,STORE_JRO0226,서촌김씨뜨라또리아,서울 종로구 자하문로9길 6 2층,(지번) 통인동 138-1,이탈리안
226,STORE_JRO0227,금용문,서울 종로구 새문안로5가길 7 세종클럽 2층,(지번) 내수동 1,중화요리
227,STORE_JRO0228,쟁반집8292 종로점,서울 종로구 종로8길 17 1층,(지번) 관철동 43-13,"육류,고기"
228,STORE_JRO0229,도토리편백집 대학로점,서울 종로구 창경궁로34길 26 2층,(지번) 명륜2가 24-1,"육류,고기"
229,STORE_JRO0230,더베이커스테이블 삼청동점,서울 종로구 삼청로 131 1층,(지번) 삼청동 126,음식점
230,STORE_JRO0231,쉐이크쉑 종각점,서울 종로구 종로 33 그랑서울 1층,(지번) 종로1가 40,패스트푸드
231,STORE_JRO0232,호아드,서울 종로구 율곡로1길 54-3,(지번) 사간동 7,갤러리카페
232,STORE_JRO0233,바비레드 종로점,서울 종로구 종로 51 종로타워 지하2층 211호,(지번) 공평동 70,양식
233,STORE_JRO0234,고치비,서울 종로구 필운대로 38 1층,(지번) 누하동 195-2,이탈리안
234,STORE_JRO0235,콩지POT지,서울 종로구 북촌로 21-15,(지번) 재동 34-1,이탈리안
235,STORE_JRO0236,두오모 북스앤쿡스,서울 종로구 자하문로16길 5,(지번) 효자동 40-2,이탈리안
236,STORE_JRO0237,카페 오제도,서울 종로구 대학로1길 31 1층,(지번) 종로5가 104-1,카페
237,STORE_JRO0238,빌리엔젤 대학로점,서울 종로구 대학로10길 24 스타리움빌딩 1층,(지번) 동숭동 1-97,디저트카페
238,STORE_JRO0239,이태리총각,서울 종로구 자하문로9길 11,(지번) 통인동 137-7,이탈리안
239,STORE_JRO0240,그린마일커피 북촌점,서울 종로구 북촌로 64,(지번) 가회동 11-49,카페
240,STORE_JRO0241,야마야 신문로점,서울 종로구 새문안로3길 12,(지번) 신문로1가 238,일식집
241,STORE_JRO0242,베어카페,서울 종로구 자하문로24길 24,(지번) 효자동 62,카페
242,STORE_JRO0243,이춘복참치 종로YMCA점,서울 종로구 종로 69 서울YMCA 1층,(지번) 종로2가 9,참치회
243,STORE_JRO0244,혜화동버거,서울 종로구 동숭3길 6-4 1층,(지번) 동숭동 130-63,햄버거
244,STORE_JRO0245,명동닭한마리 시조점,서울 종로구 종로40가길 10,(지번) 종로5가 280-4,닭요리
245,STORE_JRO0246,신촌황소곱창 종로점,서울 종로구 삼일대로17길 17,(지번) 관철동 12-23,"곱창,막창"
246,STORE_JRO0247,애즈라이크,서울 종로구 효자로7길 23 1층,(지번) 통의동 7-33,카페
247,STORE_JRO0248,서양집,서울 종로구 대학로9길 23-2 2층,(지번) 명륜4가 129,이탈리안
248,STORE_JRO0249,서촌뜰애우곱창타운,서울 종로구 자하문로1나길 1,(지번) 체부동 189,"곱창,막창"
249,STORE_JRO0250,은행골 대학로점,서울 종로구 창경궁로26길 38,(지번) 명륜4가 146-1,"초밥,롤"
250,STORE_JRO0251,고디바 광화문점,서울 종로구 세종대로 159 세광빌딩 1층,(지번) 세종로 202-1,초콜릿
251,STORE_JRO0252,쪼리375 대학로점,서울 종로구 대학로11길 16,(지번) 명륜4가 85-10,닭요리
252,STORE_JRO0253,용금옥,서울 종로구 자하문로13길 1-4,(지번) 통인동 118-15,추어
253,STORE_JRO0254,종로진낙지 종로점,서울 종로구 수표로 122,(지번) 낙원동 139-1,"해물,생선"
254,STORE_JRO0255,송정식당,서울 종로구 종로40가길 13,(지번) 종로5가 443,한식
255,STORE_JRO0256,설가온,서울 종로구 세종대로 175 세종문화회관 지하1층,(지번) 세종로 81-3,한정식
256,STORE_JRO0257,동대문허파집,서울 종로구 종로17길 26,(지번) 낙원동 213-3,한식
257,STORE_JRO0258,미갈매기살전문,서울 종로구 돈화문로11가길 7,(지번) 돈의동 7,"육류,고기"
258,STORE_JRO0259,하이버,서울 종로구 옥인6길 2,(지번) 누상동 166-127,카페
259,STORE_JRO0260,반쿤콴 종각점,서울 종로구 종로10길 20 3층,(지번) 관철동 43-7,태국음식
260,STORE_JRO0261,신성,서울 종로구 무교로 42,(지번) 서린동 128-1,일식집
261,STORE_JRO0262,코야코,서울 종로구 동숭길 68,(지번) 동숭동 128-5,떡볶이
262,STORE_JRO0263,시카노이에,서울 종로구 경희궁1길 32,(지번) 신문로2가 1-104,일식
263,STORE_JRO0264,동래복국 동대문점,서울 종로구 종로 291,(지번) 창신동 695-1,복어
264,STORE_JRO0265,부띠끄경성,서울 종로구 삼청로 75-5,(지번) 팔판동 89,양식
265,STORE_JRO0266,스모어마켓 몬스터캠퍼스,서울 종로구 율곡로3길 74-3,(지번) 화동 137-5,테마카페
266,STORE_JRO0267,더피자필,서울 종로구 종로10길 21 1층,(지번) 관철동 42-4,피자
267,STORE_JRO0268,택이네조개전골 종로점,서울 종로구 삼봉로 95 대성스카이렉스 205호,(지번) 견지동 110,조개
268,STORE_JRO0269,커피한약방 혜화점,서울 종로구 동숭2길 9,(지번) 동숭동 130-17,커피전문점
269,STORE_JRO0270,해천어부,서울 종로구 수표로28길 11,(지번) 낙원동 111-2,"해물,생선"
270,STORE_JRO0271,최가네황소곱창,서울 종로구 돈화문로4길 27,(지번) 종로3가 158,"곱창,막창"
271,STORE_JRO0272,먹쉬돈나 삼청동점,서울 종로구 율곡로3길 74-7,(지번) 화동 137-4,떡볶이
272,STORE_JRO0273,두가헌,서울 종로구 삼청로 14,(지번) 사간동 80,이탈리안
273,STORE_JRO0274,아트몬스터 익선동점,서울 종로구 돈화문로11다길 30,(지번) 익선동 165,"호프,요리주점"
274,STORE_JRO0275,대포찜닭 대학로점,서울 종로구 대학로9길 18,(지번) 명륜4가 111-2,닭요리
275,STORE_JRO0276,몽핀,서울 종로구 자하문로 307 지하 3층,(지번) 홍지동 133-3,"제과,베이커리"
276,STORE_JRO0277,명동닭한마리 본점,서울 종로구 종로40가길 14,(지번) 종로5가 265-8,닭요리
277,STORE_JRO0278,코다차야 종각점,서울 종로구 종로 68,(지번) 종로2가 84-8,"호프,요리주점"
278,STORE_JRO0279,서호장,서울 종로구 수표로 91-1 1층,(지번) 관수동 13-1,중화요리
279,STORE_JRO0280,우드앤브릭 광화문점,서울 종로구 새문안로5길 5-1,(지번) 당주동 170-2,"제과,베이커리"
280,STORE_JRO0281,애호락,서울 종로구 계동길 41 2층,(지번) 계동 107-1,한식
281,STORE_JRO0282,남대문막내회집 광교점,서울 종로구 우정국로 4-1,(지번) 관철동 263,회
282,STORE_JRO0283,익선반주,서울 종로구 돈화문로11다길 31 1층,(지번) 익선동 166-21,한식
283,STORE_JRO0284,애슐리퀸즈 종각역점,서울 종로구 종로 51 종로타워 지하1층,(지번) 공평동 70,패밀리레스토랑
284,STORE_JRO0285,라면점빵,서울 종로구 자하문로1길 39,(지번) 필운동 202,분식
285,STORE_JRO0286,미친닭 종각본점,서울 종로구 우정국로2길 16 1층,(지번) 관철동 44-1,치킨
286,STORE_JRO0287,긴자바이린 종로점,서울 종로구 율곡로1길 37,(지번) 사간동 93,"돈까스,우동"
287,STORE_JRO0288,스타벅스 광화문R점,서울 종로구 세종대로 167 현대해상본사사옥 별관내,(지번) 세종로 185-2,커피전문점
288,STORE_JRO0289,장수촌 풍천장어직판장,서울 종로구 삼일대로17길 8 1층,(지번) 관철동 7-5,장어
289,STORE_JRO0290,어사출또 종로3가2호점,서울 종로구 종로 117-1,(지번) 종로3가 12-1,회
290,STORE_JRO0291,커피방앗간,서울 종로구 북촌로5가길 8-11,(지번) 화동 102-1,커피전문점
291,STORE_JRO0292,소친친,서울 종로구 대명길 39-9 2층,(지번) 명륜4가 62,퓨전요리
292,STORE_JRO0293,성경만두요리전문점 종로점,서울 종로구 수표로 88,(지번) 관수동 145-1,한식
293,STORE_JRO0294,명륜손칼국수,서울 종로구 혜화로 45-5,(지번) 명륜1가 31-23,국수
294,STORE_JRO0295,독일주택,서울 종로구 대명1길 16-4 1층,(지번) 명륜4가 45-1,칵테일바
295,STORE_JRO0296,마지,서울 종로구 자하문로5길 19,(지번) 체부동 132-1,한식
296,STORE_JRO0297,차니오뎅,서울 종로구 창경궁로 258-13 1층,(지번) 명륜2가 30,오뎅바
297,STORE_JRO0298,기와탭룸,서울 종로구 율곡로1길 74-7,(지번) 소격동 158-4,"호프,요리주점"
298,STORE_JRO0299,혜화곱창,서울 종로구 대명1길 20,(지번) 명륜4가 69-1,"곱창,막창"
299,STORE_JRO0300,버거드조선,서울 종로구 사직로10길 7,(지번) 내자동 147,햄버거
300,STORE_JRO0301,익선디미방,서울 종로구 수표로28길 17-27 1층,(지번) 익선동 166-78,양식
301,STORE_JRO0302,스시산원 경,서울 종로구 새문안로3길 36 용비어천가 지하 1층 120호,(지번) 내수동 75,"초밥,롤"
302,STORE_JRO0303,미도갈비 종로직영점,서울 종로구 삼일대로15길 25 1층,(지번) 관철동 11-13,갈비
303,STORE_JRO0304,교대이층집 종로점,서울 종로구 삼일대로19길 16 덕흥빌딩 2층,(지번) 관철동 14-1,"육류,고기"
304,STORE_JRO0305,황소고집,서울 종로구 청계천로 75-1,(지번) 관철동 11-11,"육류,고기"
305,STORE_JRO0306,포시즌스호텔 유유안,서울 종로구 새문안로 97 11층,(지번) 당주동 30,중식
306,STORE_JRO0307,강남면옥 정동점,서울 종로구 새문안로 38,(지번) 신문로2가 12-5,냉면
307,STORE_JRO0308,대찬횟집,서울 종로구 우정국로2길 10 지하 1층,(지번) 관철동 256,회
308,STORE_JRO0309,원조우정낙지 본점,서울 종로구 삼일대로17길 46 신양빌딩 2층,(지번) 관철동 19-16,"해물,생선"
309,STORE_JRO0310,베이징코야,서울 종로구 율곡로2길 25 연합뉴스 빌딩 지하 1층,(지번) 수송동 110,중화요리
310,STORE_JRO0311,원조정선할매곤드레밥,서울 종로구 인사동8길 13,(지번) 관훈동 29-13,한식
311,STORE_JRO0312,본점 이강순실비집,서울 종로구 청계천로 75-1,(지번) 관철동 11-11,"해물,생선"
312,STORE_JRO0313,대한맥주집 대학로본점,서울 종로구 대학로11길 38-11 1층,(지번) 명륜4가 70-4,"호프,요리주점"
313,STORE_JRO0314,대규스시,서울 종로구 동숭3길 1,(지번) 동숭동 128-12,"초밥,롤"
314,STORE_JRO0315,홍릉각,서울 종로구 종로 227,(지번) 종로5가 52-1,중화요리
315,STORE_JRO0316,고려삼계탕 광화문점,서울 종로구 세종대로23길 5-1,(지번) 세종로 164,삼계탕
316,STORE_JRO0317,들풀건강한밥상 청운동점,서울 종로구 자하문로 118,(지번) 청운동 69,한식
317,STORE_JRO0318,카쯔야 종로점,서울 종로구 종로12길 23,(지번) 관철동 12-13,"돈까스,우동"
318,STORE_JRO0319,비원떡집,서울 종로구 북촌로 33-1 1층,(지번) 가회동 163,"떡,한과"
319,STORE_JRO0320,일편등심,서울 종로구 삼일대로17길 51 9층,(지번) 관철동 180,"육류,고기"
320,STORE_JRO0321,쿠차라 종로점,서울 종로구 종로 33 그랑서울 지하1층 101호,(지번) 청진동 70,"멕시칸,브라질"
321,STORE_JRO0322,낙원테산도 혜화점,서울 종로구 대학로11길 43 1층,(지번) 명륜4가 170-3,퓨전일식
322,STORE_JRO0323,블루룸,서울 종로구 대명1길 16-7 1층,(지번) 명륜4가 66-3,카페
323,STORE_JRO0324,동원VIP참치 종로구청점,서울 종로구 삼봉로 71 신라스테이 광화문점 지하 1층 103호,(지번) 수송동 156,참치회
324,STORE_JRO0325,온지음,서울 종로구 효자로 49 4층,(지번) 창성동 17-1,한정식
325,STORE_JRO0326,대장장이화덕피자,서울 종로구 북촌로 42-4,(지번) 가회동 202-1,피자
326,STORE_JRO0327,현초밥,서울 종로구 대학로11길 39,(지번) 명륜4가 166-1,"초밥,롤"
327,STORE_JRO0328,송암여관,서울 종로구 돈화문로11나길 31-3 1층,(지번) 익선동 146,퓨전요리
328,STORE_JRO0329,전주집,서울 종로구 종로40가길 3,(지번) 종로5가 281-2,"해물,생선"
329,STORE_JRO0330,빠리가옥,서울 종로구 수표로28길 33-4,(지번) 익선동 166-26,양식
330,STORE_JRO0331,소선재,서울 종로구 삼청로 113-1,(지번) 삼청동 113-3,한정식
331,STORE_JRO0332,삼각산머루집,서울 종로구 비봉2길 80-2,(지번) 구기동 10-17,한식
332,STORE_JRO0333,티파이,서울 종로구 자하문로38길 9,(지번) 부암동 208-43,양식
333,STORE_JRO0334,그라운드62,서울 종로구 평창길 62,(지번) 평창동 574-8,갤러리카페
334,STORE_JRO0335,대평갈비,서울 종로구 평창문화로 83,(지번) 평창동 153-1,갈비
335,STORE_JRO0336,쇠고집,서울 종로구 인사동3길 5-2,(지번) 인사동 141-2,"육류,고기"
336,STORE_JRO0337,양키스버거,서울 종로구 삼일대로30길 30 1층,(지번) 익선동 133-2,햄버거
337,STORE_JRO0338,중국,서울 종로구 자하문로33길 2,(지번) 청운동 59-4,중화요리
338,STORE_JRO0339,프롬이태리,서울 종로구 창의문로12길 2 고수빌딩 3층,(지번) 부암동 225-1,이탈리안
339,STORE_JRO0340,만정,"서울 종로구 삼청로 124-2 2, 3층",(지번) 삼청동 28-19,"육류,고기"
340,STORE_JRO0341,비스트로주라,서울 종로구 동숭길 50 1층,(지번) 동숭동 130-47,"스테이크,립"
341,STORE_JRO0342,몽쉐프,서울 종로구 경희궁1길 32,(지번) 신문로2가 1-104,양식
342,STORE_JRO0343,촌놈숯불닭갈비 종로점,서울 종로구 삼일대로19길 6,(지번) 관철동 6-4,닭요리
343,STORE_JRO0344,통큰누이네육회빈대떡,"서울 종로구 동호로 403-16 1,2층",(지번) 종로5가 138-16,한식
344,STORE_JRO0345,이다,서울 종로구 서순라길 153,(지번) 권농동 141-5,한식
345,STORE_JRO0346,안성또순이,서울 종로구 경희궁길 18,(지번) 신문로2가 1-161,"해물,생선"
346,STORE_JRO0347,장군보쌈,서울 종로구 수표로20길 22,(지번) 관수동 40-2,"족발,보쌈"
347,STORE_JRO0348,더하기84,서울 종로구 인사동16길 6,(지번) 관훈동 106,동남아음식
348,STORE_JRO0349,공기식당,서울 종로구 필운대로6길 20-1,(지번) 통인동 46-5,일식
349,STORE_JRO0350,거대한그륵,서울 종로구 수표로28길 21-11 1층,(지번) 익선동 166-48,한식
350,STORE_JRO0351,만나분식,서울 종로구 필운대로1길 4,(지번) 필운동 105,분식
351,STORE_JRO0352,눈나무집,서울 종로구 삼청로 136-1,(지번) 삼청동 20-8,한식
352,STORE_JRO0353,마녀주방 대학로점,"서울 종로구 대명길 18 2, 3층",(지번) 명륜2가 33-2,양식
353,STORE_JRO0354,카페혜화동,서울 종로구 창경궁로26길 40 2층,(지번) 명륜4가 145,카페
354,STORE_JRO0355,도이창카페,서울 종로구 창의문로11길 10 1층,(지번) 부암동 292-6,카페
355,STORE_JRO0356,혼가츠 대학로점,서울 종로구 대명길 24 지하1층,(지번) 명륜2가 36-1,"돈까스,우동"
356,STORE_JRO0357,국빈관,서울 종로구 자하문로2길 17-4,(지번) 통의동 38,"육류,고기"
357,STORE_JRO0358,교남김밥,서울 종로구 평동 233 경희궁자이3단지 상가 1층 3116호,,분식
358,STORE_JRO0359,슬로스텝,서울 종로구 대학로8가길 89 3층,(지번) 동숭동 1-76,커피전문점
359,STORE_JRO0360,타셴,서울 종로구 동숭길 113 정보빌딩 1층,(지번) 동숭동 1-44,북카페
360,STORE_JRO0361,빌리엔젤 광화문점,서울 종로구 새문안로 92 1층,(지번) 신문로1가 163,디저트카페
361,STORE_JRO0362,호호식당,서울 종로구 수표로28길 30-6,(지번) 돈의동 18,퓨전일식
362,STORE_JRO0363,두두,서울 종로구 동숭2길 3-4,(지번) 동숭동 130-26,"호프,요리주점"
363,STORE_JRO0364,인사동마늘보쌈,서울 종로구 인사동8길 12-5,(지번) 관훈동 29-4,"족발,보쌈"
364,STORE_JRO0365,폴인팬케이크 대학로점,서울 종로구 동숭길 136 3층,(지번) 동숭동 1-11,디저트카페
365,STORE_JRO0366,마산해물아구찜,서울 종로구 북촌로5길 6,(지번) 재동 11,"해물,생선"
366,STORE_JRO0367,호랑이카레,서울 종로구 계동길 112 지하 1층,(지번) 계동 2-49,일식
367,STORE_JRO0368,북촌김치재,서울 종로구 북촌로2길 8-3,(지번) 재동 84-9,한식
368,STORE_JRO0369,웅녀의신전(휴업중),서울 종로구 인사동길 17-1,(지번) 인사동 165-1,디저트카페
369,STORE_JRO0370,역전할머니맥주 서울대학로점,서울 종로구 대명1길 10,(지번) 명륜4가 15-1,"호프,요리주점"
370,STORE_JRO0371,까델루뽀,서울 종로구 자하문로16길 5-5,(지번) 효자동 39-1,이탈리안
371,STORE_JRO0372,미치루,서울 종로구 종로1길 42 이마빌딩 지하1층,(지번) 수송동 146-1,"초밥,롤"
372,STORE_JRO0373,에일당,서울 종로구 수표로28길 33-9,(지번) 익선동 166-34,카페
373,STORE_JRO0374,두레유,서울 종로구 평창30길 28,(지번) 평창동 97,한식
374,STORE_JRO0375,고메식당,서울 종로구 종로10길 14,(지번) 관철동 43-5,"육류,고기"
375,STORE_JRO0376,다움223.1,서울 종로구 자하문로 223-1 1층,(지번) 부암동 281-13,양식
376,STORE_JRO0377,당산오돌 종로점,서울 종로구 종로8길 20 1층,(지번) 관철동 44-5,"육류,고기"
377,STORE_JRO0378,장모님해장국,서울 종로구 진흥로 421,(지번) 구기동 253-1,해장국
378,STORE_JRO0379,공평동꼼장어 2호점,서울 종로구 종로16길 32-4,(지번) 관철동 35-1,장어
379,STORE_JRO0380,한식공간,서울 종로구 율곡로 83 4층,(지번) 원서동 219,한식
380,STORE_JRO0381,한라의집,서울 종로구 새문안로9길 29-1,(지번) 당주동 20-2,회
381,STORE_JRO0382,옥인피자,서울 종로구 옥인길 26,(지번) 옥인동 155,피자
382,STORE_JRO0383,미분당 대학로점,서울 종로구 창경궁로 234 1층,(지번) 명륜4가 188-4,베트남음식
383,STORE_JRO0384,백년토종삼계탕 북촌점,서울 종로구 북촌로 41,(지번) 가회동 170-3,삼계탕
384,STORE_JRO0385,진가와 광화문점,서울 종로구 종로1길 50 더케이트윈타워 지하1층 15호,(지번) 중학동 19,일식
385,STORE_JRO0386,갈리나데이지,서울 종로구 자하문로13길 1-4,(지번) 통인동 118-15,이탈리안
386,STORE_JRO0387,대통령삼겹살,서울 종로구 대학로14길 12-1,(지번) 혜화동 197-2,"육류,고기"
387,STORE_JRO0388,한우공방,서울 종로구 종로9길 8 1층,(지번) 인사동 263,"육류,고기"
388,STORE_JRO0389,불타는곱창,서울 종로구 종로35길 17,(지번) 효제동 228,"곱창,막창"
389,STORE_JRO0390,경복궁 관훈점,서울 종로구 인사동5길 38 센터마크호텔 지하 1층,(지번) 관훈동 198-42,한정식
390,STORE_JRO0391,오늘와인한잔 종각점,서울 종로구 종로14길 30 삼원빌딩 1층,(지번) 관철동 11-2,와인바
391,STORE_JRO0392,르브리에,서울 종로구 삼청로 75-8,(지번) 팔판동 57,양식
392,STORE_JRO0393,나주소 나주곰탕 광화문점,서울 종로구 새문안로 87-1,(지번) 신문로1가 29,곰탕
393,STORE_JRO0394,싱싱해물나라,서울 종로구 삼일대로15길 13 2층,(지번) 관철동 11-1,회
394,STORE_JRO0395,창화당 대학로점,서울 종로구 창경궁로26길 39 1층,(지번) 명륜4가 154-3,분식
395,STORE_JRO0396,TXT커피,서울 종로구 창덕궁길 121,(지번) 원서동 75,카페
396,STORE_JRO0397,오디디,서울 종로구 필운대로 25-2 1층,(지번) 누하동 255,디저트카페
397,STORE_JRO0398,절벽,서울 종로구 평창문화로 130 지하1층,(지번) 평창동 66-32,실내포장마차
398,STORE_JRO0399,포담,서울 종로구 자하문로9길 11,(지번) 통인동 137-7,중화요리
399,STORE_JRO0400,덤앤더머 방탈출카페 대학로점,서울 종로구 동숭길 143 로얄캐스트빌딩 지하 1층,(지번) 동숭동 1-37,테마카페
400,STORE_JRO0401,메종드아베크엘,서울 종로구 동숭4길 30-3 지제헌 1층,(지번) 동숭동 5-7,카페
401,STORE_JRO0402,익선주택,서울 종로구 수표로28길 17-33,(지번) 익선동 166-77,카페
402,STORE_JRO0403,봉평막국수,서울 종로구 필운대로 6,(지번) 필운동 144-1,국수
403,STORE_JRO0404,미락치킨 경복궁본점,서울 종로구 자하문로 17-1,(지번) 체부동 39-2,치킨
404,STORE_JRO0405,테라스222,서울 종로구 경희궁1길 35,(지번) 신문로2가 1-222,양식
405,STORE_JRO0406,탕화쿵푸마라탕 대학로점,서울 종로구 창경궁로 258-15 2층,(지번) 명륜2가 32,중화요리
406,STORE_JRO0407,고기공방,서울 종로구 대명1길 16-17 1층,(지번) 명륜4가 64-5,한식
407,STORE_JRO0408,풍류관,서울 종로구 필운대로5나길 20-12,(지번) 누하동 90-1,카페
408,STORE_JRO0409,통큰갈비 대학로점,서울 종로구 창경궁로 258-12 1층,(지번) 명륜2가 21-18,갈비
409,STORE_JRO0410,차알 광화문점,서울 종로구 종로3길 17 3층,(지번) 청진동 246,중화요리
410,STORE_JRO0411,신안촌 경희궁점,서울 종로구 경희궁2길 14-4,(지번) 내수동 110-35,"해물,생선"
411,STORE_JRO0412,코블러,서울 종로구 사직로12길 16 1층,(지번) 내자동 157,칵테일바
412,STORE_JRO0413,낫컴플리트,서울 종로구 성균관로 12-5 2층,(지번) 명륜2가 150-2,카페
