맛,11108
가격,3579
좀,2883
그냥,2320
곳,2018
것,1896
정도,1890
집,1850
분위기,1753
때,1609
음식,1585
사람,1538
느낌,1513
별로,1512
더,1466
고기,1449
생각,1389
커피,1288
무난,1287
양,1260
직원,1241
비,1161
점,1137
메뉴,1102
가성,1086
보통,1079
함,1006
조금,1004
듯,979
방문,973
국물,947
맛집,932
빵,928
안,924
밥,900
서비스,889
팅,867
수,863
정말,852
웨이,841
다른,815
이유,774
주문,770
가게,751
편,738
대비,728
진짜,716
이,704
분,702
추천,685
만두,679
줄,678
파스타,671
그,656
저,653
해,653
냉면,648
튀김,644
한번,642
개,639
카페,635
테이블,635
손님,623
거,600
자리,588
시간,579
하나,578
소스,573
먹기,562
번,558
여기,556
인테리어,543
음료,537
약간,522
다만,508
면,503
김치,499
떡볶이,495
사장,490
크림,478
돈까스,471
왜,470
기대,469
다시,467
식당,462
전,452
예전,449
말,446
처음,446
때문,445
냄새,439
피자,436
재,435
굳이,432
근처,431
내,423
매장,421
버거,419
편이,410
개인,409
공간,408
임,402
치즈,400
또,400
초밥,395
매우,385
향,382
나,375
입맛,374
식사,373
뭐,373
반찬,371
동네,370
평범,369
가야,369
층,367
제,365
위생,362
곱창,361
우동,360
전체,358
건,356
별,355
기본,355
재료,354
볶음밥,352
칼국수,351
기분,349
자주,348
포장,347
요,338
짬뽕,337
육수,333
아주,331
샐러드,325
양은,325
살짝,325
걸,324
양념,323
추가,322
중,318
디저트,316
감,314
점심,311
서서,309
새우,309
맥주,307
요리,306
가면,302
가끔,302
그닥,302
가지,302
양도,300
사진,298
김밥,294
일,289
탕수육,289
보고,288
날,287
주차,286
이상,286
종류,285
스테이크,284
라멘,282
탕,281
꽤,281
라떼,280
자체,280
친절,277
움,274
음,271
못,269
만,269
케이크,268
회,267
다음,264
뭔가,264
대기,262
등,262
입,261
명,260
간이,259
요즘,258
바로,258
앞,257
게,256
계속,256
짐,256
제일,255
달,254
데,253
돈,253
수준,252
굿,247
라면,244
저녁,242
질,241
옛날,239
서빙,239
볼,238
친구,238
닭,238
세트,237
국수,237
화장실,236
거의,235
최고,235
의사,234
정신,231
갈비,226
도,226
평양,225
인,224
술,223
아쉬움,223
후,220
일반,220
쌀국수,220
기름,220
연어,220
평타,219
나름,219
기억,218
인분,216
항상,214
전반,213
불친절,212
덜,212
알,210
퀄리티,207
실망,206
바,204
족발,204
스타일,202
간,201
마늘,201
자극,200
인스타,200
주말,197
먹음,197
모두,196
신경,194
취향,193
내부,193
남자,191
역시,189
류,189
오픈,187
가기,186
끼,185
장소,184
호불호,181
옆,180
식감,180
위,179
버터,179
뷰,178
예약,178
단,178
치킨,178
소리,177
값,177
물,177
가장,176
꼭,176
땐,175
부분,174
손,174
평일,174
구이,173
남,173
티,173
돼지,172
바삭,172
위치,171
감자,171
여자,169
용,169
단점,168
리뷰,167
야채,167
떡,167
다소,166
달달,166
아메리카노,164
원래,164
일단,163
안주,163
삼겹살,163
달라,162
마스크,159
주방,158
소고기,157
지금,155
맵,155
난,155
상태,154
장점,154
인상,154
보쌈,154
평가,154
사실,152
알바,152
코스,151
막,151
존맛,151
스콘,150
배,150
계란,149
일본,148
주변,148
육회,147
심,146
만족,146
홀,145
그릇,145
맛남,145
오늘,145
정식,144
이제,144
스시,143
초코,143
의자,142
순대,142
흠,141
구성,140
주인,139
매콤,139
리필,139
대국,139
배달,138
차,137
반,137
참고,136
사용,136
이해,136
기준,136
응대,136
밑반찬,135
얼,135
필요,134
옷,134
두,134
딸기,133
일부러,132
직접,132
꼬치,132
완전,132
종업원,131
서울,131
볶음,131
비빔밥,130
둘,130
은,129
중간,129
하니,129
음식점,128
전통,127
선택,127
쪽,127
본점,127
차이,127
짜장면,126
거리,126
비교,126
카레,126
브런치,126
설렁탕,125
크게,125
평점,125
기,125
간장,125
음악,125
크기,124
만하,124
살,124
한국,124
코로나,124
갈비탕,123
추억,123
절대,123
생선,122
해도,122
해장국,122
과,122
뼈,122
좌석,122
등심,121
뒤,121
식,121
불,120
불고기,120
케익,120
패티,120
문제,119
봄,119
특색,118
멀리,117
만해,117
스프,117
명성,116
번은,116
제대로,116
샌드위치,116
막걸리,115
런가,115
그대로,114
생,114
계산,114
관리,114
단맛,113
소금,113
메밀,113
불편,112
시,112
속,112
우유,112
무,112
온,112
세,112
사이드,111
김치찌개,111
알바생,111
리조또,111
인기,110
무한리필,110
참치,110
평균,109
점점,109
유명,109
국,109
짜장,108
매력,108
소주,108
마음,108
후기,108
미리,107
한잔,107
줌,106
비주,106
접시,106
장사,106
가족,105
거기,104
오징어,104
빵집,104
최근,104
혼자,103
전혀,103
가능,103
대신,103
운영,103
너,103
소바,102
골목,102
워낙,102
건물,102
수제비,102
돈가스,102
카츠,102
냉,102
종종,101
안나,101
밀크,101
고추,101
돼지고기,100
소,100
산미,100
찜,100
베이커리,100
메인,100
퍽퍽,99
외,99
모든,99
간다,99
글쎄,99
지점,98
토마토,98
부담,97
콩국수,97
수육,96
니,96
구,96
오히려,96
간격,96
면발,95
나머지,95
이름,95
고급,94
아주머니,94
평,94
해물,94
이집,94
영업,94
로,94
주차장,93
담,93
감성,93
국밥,93
눈,93
인지,93
점심시간,93
명란,93
강남,93
몇,92
대부분,92
셀프,92
조미료,92
수제,92
쫄깃,91
회전,91
밍밍,91
곰탕,91
깍두기,90
마리,90
방송,90
금방,90
돼지갈비,90
당황,89
얘기,89
식빵,89
대창,88
인정,88
군,88
사리,88
이하,88
이용,88
대가,87
보기,87
대화,87
막국수,87
수도,87
안심,87
길,87
개선,86
버섯,86
이전,86
찌개,86
경험,86
김,86
젤,86
빙수,86
늘,85
리,85
차라리,85
특유,84
닭갈비,84
햄버거,84
중국집,83
시장,83
무엇,83
커리,83
우리,83
해산물,82
무슨,82
원두,82
아이스크림,82
컨셉,82
맘,81
조합,81
괜춘,81
삼계탕,81
밖,80
옥,80
만원,80
단골,80
끝,80
문,80
잔,80
한식,80
여름,79
설명,79
비빔,79
살이,78
보,78
된장,78
먼저,78
일행,78
조리,78
파,77
모임,77
통,77
로우,77
첫,77
눈치,77
습,77
와플,77
커서,76
마카롱,76
만큼,76
실내,76
그것,76
작고,76
겉,76
어디,76
차슈,76
와인,76
런치,75
지하,75
컵,75
경우,75
타임,75
육즙,75
중국,75
이건,75
진,74
감자탕,74
소문,74
청결,74
상,74
안내,73
테라스,73
이후,73
로스,73
뿐,73
정돈,73
가루,73
무료,72
레몬,72
두번째,72
기도,72
이면,72
딤섬,72
생크림,72
최악,71
마지막,71
가도,71
협소,70
입구,70
지인,70
이정,70
처,70
부추,70
플레이,70
테이크아웃,70
그게,70
피,70
얼마,69
요미,69
전화,69
산,69
글,69
끼리,69
미국,69
여,69
그때,68
대한,68
된장찌개,68
의문,68
평이,68
갠,67
오후,67
한편,67
밑,67
일품,67
중식,67
이서,67
양파,67
두부,67
메뉴판,67
시스템,67
아보카도,67
레스토랑,67
이번,66
숙성,66
영,66
와사비,66
덕,66
할인,66
쿠키,66
탓,66
편입,65
사이,65
별루,65
코,65
냉동,65
낙지,65
탑,65
좀더,65
듬,64
후추,64
전부,64
주시,64
그다지,64
말차,64
쫌,64
감동,64
트러플,64
아래,63
사이즈,63
특징,63
화이트,63
부위,63
걱정,63
겨울,63
아인,63
시국,62
장어,62
제공,62
필수,62
애,62
가요,62
바질,62
포함,62
한참,62
전문,62
보임,61
한우,61
자꾸,61
몇번,61
머리,61
고,61
저희,61
만두국,61
팥,61
도넛,61
홍대,61
주심,60
낫,60
전문점,60
태도,60
토핑,60
조화,60
밤,60
아이스,60
야외,60
신촌,60
일요일,59
케잌,59
점수,59
노포,59
입장,59
짱,59
카드,59
결제,59
감칠맛,58
모밀,58
낫다,58
핫,58
바닐라,58
고추장,58
브레이크,58
적,58
콩나물,58
젠,58
베트남,58
돈코츠,58
루프,58
베이스,57
북적,57
바지락,57
숯불,57
감안,57
회식,57
교육,57
부대찌개,57
해주시,57
아침,57
룸,57
쟁반,57
위해,56
건가,56
그거,56
곱,56
목,56
전골,56
특,56
나중,56
일찍,56
조절,56
모습,56
도우,56
카운터,56
나은,56
운,56
질겨,55
부족,55
동안,55
타르트,55
모,55
찍기,55
찾기,55
초,55
가득,55
서버,55
외국인,55
잘못,54
고객,54
확,54
비빔국수,54
은근,54
티라미수,54
여의도,54
쭈꾸미,53
양고기,53
확인,53
부터,53
갈수록,53
간짜장,53
멸치,53
평소,53
슈페,53
대표,53
조각,52
쌈,52
대체로,52
판매,52
녹두,52
뷔페,52
팀,52
무조건,52
노,52
마,52
사케,52
글쎄요,52
차돌,52
명동,52
두툼,51
내용물,51
환기,51
불맛,51
여러,51
빈대떡,51
크로와상,51
머,51
이야기,51
노래,51
바닥,51
계란말이,51
베이글,51
맑은,50
준비,50
제육,50
선,50
누가,50
달리,50
제발,50
후식,50
아저씨,50
에어컨,50
말씀,50
바게트,50
랄,50
타코,50
현지,49
초심,49
체적,49
아예,49
선지,49
천원,49
비계,49
베리,49
숙주,49
누룽지,49
치,49
드,49
짬,49
미슐랭,49
얼음,48
채소,48
샤브샤브,48
목살,48
프랜차이즈,48
둘이서,48
아이,48
데이트,48
주의,48
단계,48
녹차,48
속도,48
대게,48
텐동,48
가정식,48
팟타이,48
회사,48
쯤,47
낮,47
계단,47
표정,47
막창,47
물냉,47
조명,47
신맛,47
쓴맛,47
타고,46
멘보샤,46
기름기,46
요새,46
면도,46
키,46
오리,46
갈릴,46
공기밥,46
고민,46
재미,46
면옥,46
우육,46
찬,45
기고,45
곱창전골,45
휴무,45
시작,45
순두부,45
과일,45
육개장,45
세번,45
향신료,45
기다림,45
파리,45
시설,45
보이,45
토요일,45
여유,45
죽,45
슴슴,45
디,44
피클,44
창가,44
마감,44
이드,44
밥집,44
주,44
집중,44
터,44
말투,44
방,44
수정,44
와이파이,44
담배,44
정리,44
거나,44
물냉면,44
고수,44
오뎅,44
양식,44
분명,44
스파게티,44
까르보나라,44
베이컨,44
메뉴인,43
일식,43
아무,43
고깃집,43
근방,43
머리카락,43
메리트,43
파전,43
가세,43
언제,43
맛임,43
및,43
단체,43
강추,43
사시미,42
안남,42
갈비찜,42
주로,42
얼그레이,42
율,42
이상은,42
적당,42
수다,42
단호박,42
수플레,42
쉬,42
타,42
매번,42
예상,42
양배추,41
아줌마,41
뭘,41
묵은지,41
는걸,41
방식,41
사골,41
밀가루,41
국내,41
본인,41
고구마,41
품,41
한국인,41
학교,41
오,41
비슷,41
교자,41
썩,40
의,40
콩,40
플랫,40
건강,40
체인점,40
정,40
냉면집,40
마카,40
벨,40
아마,40
옴,40
스벅,40
병,40
까눌레,40
수가,40
마제,40
발렛,40
백반,40
한정식,39
쫄면,39
퓨전,39
비쥬,39
주민,39
순,39
판,39
젓가락,39
소개,39
듬뿍,39
오이,39
순간,39
날씨,39
제한,39
제외,39
들깨,39
짜증,38
합,38
조개,38
누구,38
삼겹,38
칼,38
위주,38
저렴,38
빈,38
하루,38
무시,38
칠리,38
설탕,38
네,38
간도,38
고려,38
팬케이크,38
오전,38
또한,37
년,37
도착,37
태국,37
비도,37
가치,37
혼밥,37
셋,37
전이,37
인생,37
대해,37
사과,37
짠맛,37
내내,37
이태원,37
턱,36
합리,36
고기만,36
칵테일,36
문어,36
껍데기,36
를,36
청국장,36
건더기,36
작년,36
깜짝,36
공부,36
심지어,36
장,36
햄,36
가까이,36
찹쌀,36
함흥,36
비냉,36
안감,36
닭볶음탕,36
편차,36
중독,36
종로,36
홍콩,36
시간대,36
뇨끼,36
자기,35
가시,35
술집,35
중상,35
찌게,35
분식집,35
우선,35
햇,35
페스,35
세상,35
하진,35
연기,35
반미,35
뻔,35
품절,35
상황,35
동치미,35
고명,35
어묵,35
롤,35
닭고기,35
샤오롱바오,35
요거트,35
오믈렛,35
연남동,35
복불복,34
히레,34
꼬막,34
할머니,34
특선,34
선호,34
드립,34
등등,34
포크,34
통닭,34
가라아게,34
닭발,34
현금,34
모양,34
옥수수,34
구조,34
술안주,34
부드러움,34
쫀득,34
갈릭,34
오기,34
블로그,34
성,34
편임,34
정성,34
오므라이스,34
끈,34
트,34
평냉,34
전망,34
어복,34
품질,33
법,33
극찬,33
결론,33
루,33
불가,33
엄마,33
간판,33
카카오,33
꼬리,33
인근,33
인사,33
포기,33
엉망,33
리지,33
진심,33
콤,33
작업,32
스,32
곳도,32
전복,32
여러가지,32
빨,32
표,32
장님,32
마들렌,32
골,32
왕,32
신분,32
깻잎,32
대서,32
나물,32
도전,32
갑,32
밸런스,32
준,32
묘,32
지역,32
구매,32
프로,32
스페셜,32
단지,32
요청,32
시절,32
흑임자,32
이모,32
껍질,32
게살,32
당,32
싸구려,32
굿굿,32
굴,32
욕,31
안쪽,31
당면,31
빠,31
코코넛,31
댓글,31
이즈,31
몇개,31
푸딩,31
전형,31
별미,31
답,31
내장,31
호점,31
노맛,31
불구,31
얼마나,31
오지,31
저번,31
게다가,31
지도,31
보시,31
만족도,31
오렌지,31
물이,31
바람,31
청소,31
비프,31
안해,30
강,30
돈카츠,30
어른,30
백종원,30
콜라,30
계란찜,30
찜닭,30
잔뜩,30
인도,30
마시기,30
두께,30
대충,30
식기,30
금액,30
여성,30
인원,30
링,30
외국,30
조림,30
목소리,30
툼,30
원조,30
메,30
무지,30
차돌박이,30
쉑쉑,30
그니,30
식탁,30
천장,30
구경,30
을지로,30
점도,29
홍합,29
매일,29
절반,29
럼,29
퀄,29
점원,29
데리,29
대체,29
디너,29
로제,29
셰프,29
하자,29
대박,29
뚝배기,29
고등어,29
프라이,29
창렬,29
정통,29
먼지,29
메밀국수,29
대만,29
연희동,29
유,28
분도,28
모델링,28
봉골레,28
집밥,28
겉절이,28
단무지,28
매운탕,28
브라우니,28
어르신,28
도로,28
어제,28
별도,28
기사,28
밥알,28
싸가지,28
분리,28
던데,28
인절미,28
사서,28
클래식,28
충격,28
프리,28
절임,28
미니,28
책,28
유지,28
예정,28
해장,28
널,28
떡갈비,28
바싹,28
오일,28
접근성,28
주스,28
생강,28
대답,28
강남역,28
명가,27
반죽,27
콜키,27
비빔냉면,27
수저,27
닭도리탕,27
채,27
천왕,27
실수,27
벌레,27
강아지,27
잔치국수,27
냥,27
항정살,27
파이,27
생활,27
애슐리,27
마인드,27
모시,27
세지,27
미소,27
발,27
훨,27
대중,27
무한,27
분식,27
훌륭,27
후회,27
협소해,27
경치,27
우거지,27
직장인,27
면서,27
물가,26
개조,26
블루,26
모듬,26
양념장,26
학생,26
혀,26
숟가락,26
공기,26
철판,26
정작,26
부모님,26
토,26
감자전,26
외관,26
유자,26
무화과,26
매니저,26
버거킹,26
열,26
닥,26
시금치,26
급,26
식전,26
욤,26
시기,26
화덕,26
소갈비,26
더블,26
자,25
신선도,25
질감,25
일부,25
한정,25
부족함,25
잠깐,25
더욱,25
안함,25
비빔면,25
함박스테이크,25
갓,25
디자인,25
범벅,25
쉐이크,25
스타벅스,25
구성은,25
환경,25
이나,25
갈치,25
처럼,25
콘센트,25
노트북,25
절,25
무제한,25
맘모스,25
빵맛,25
약,25
꿀,25
샤,25
모기,25
변경,25
규모,25
쌀,25
기계,25
동파육,25
광화문,25
백숙,25
자연,24
총,24
커플,24
최소,24
쌈밥,24
현재,24
대도,24
집의,24
바깥,24
레,24
겸,24
가스,24
광고,24
다행,24
특성,24
배기,24
집앞,24
마파두부,24
브랜드,24
인석,24
힙,24
광어,24
서로,24
무척,24
물회,24
해결,24
이자카야,24
잡채,24
갑자기,24
바나나,24
제로,24
점심때,24
선물,24
시도,24
침,24
상큼,24
실제,24
개맛,24
토스트,24
이탈리안,24
협,24
호텔,24
성인,23
연어초밥,23
장통,23
꽝,23
검색,23
출신,23
덩어리,23
불판,23
나이,23
뚝뚝,23
여직원,23
두피,23
훠궈,23
제법,23
몸,23
길이,23
장난,23
방어,23
초콜릿,23
규,23
생면,23
쑥,23
갈비살,23
분점,23
당근,23
중국인,23
건대,23
적지,23
겹,23
드립커피,23
역,23
실패,23
온도,23
쉐프,23
뻑뻑,23
라자냐,23
소란,23
꽉,23
비엔나,22
참기름,22
횟집,22
불만,22
바스,22
꼬,22
추어탕,22
상대,22
푹,22
임팩트,22
육질,22
박스,22
깐풍기,22
기질,22
다기,22
필링,22
표시,22
착용,22
유행,22
번잡,22
노력,22
장갑,22
덕분,22
주먹밥,22
비용,22
복,22
스타,22
피스,22
존,22
개성,22
고요,22
일식집,22
힘,22
소음,22
벽,22
상상,22
연탄,22
애플,22
달고나,22
망,22
레시피,22
선불,22
승부,22
이진,22
예술,22
프리미엄,22
허름,22
꽃,21
치즈케이크,21
색,21
본연,21
막상,21
적임,21
인터넷,21
접,21
달걀,21
상추,21
좌,21
배추,21
피해,21
군데,21
퉁,21
반면,21
한지,21
시럽,21
꼬끄,21
캐,21
혹시,21
팅할,21
입안,21
판단,21
호박,21
치즈버거,21
배려,21
발라,21
접대,21
버전,21
하이,21
백김치,21
화,21
다해,21
폭,21
젤라또,21
유린,21
츠케멘,21
어려움,21
잠실,21
어니언,21
팥죽,21
다리,21
괜,21
온면,21
뜻,21
완탕,21
출구,21
솥밥,21
따라서,20
고기랑,20
질김,20
거품,20
물만두,20
번호,20
새,20
새벽,20
마치,20
해감,20
츠,20
파인애플,20
무언가,20
스무디,20
주관,20
번가,20
초반,20
로만,20
차별,20
간장게장,20
네이버,20
금요일,20
아아,20
함박,20
랭,20
을밀대,20
쿠우,20
고로케,20
플레인,20
포차,20
브루,20
한마디,20
물질,20
달인,20
만점,20
과거,20
체,20
공사,20
마냥,20
멋,20
간만,20
잼,20
신지,20
포테이토,20
찍,20
시킴,20
가라,20
누,20
짜조,20
지난,20
주차공간,20
미가,20
림프,20
똠양꿍,20
체크,20
값어치,20
접객,20
초기,20
남산,20
창문,20
산책,19
까스,19
샤브,19
금,19
불리,19
순서,19
은행,19
돌,19
파운드,19
주지,19
음료수,19
삼선,19
오버,19
해물찜,19
마찬가지,19
성의,19
의미,19
그날,19
콜드,19
찌,19
의정부,19
세월,19
고해,19
식초,19
프렌,19
발견,19
휘,19
덩이,19
쟁반짜장,19
즉떡,19
몇몇,19
비건,19
도대체,19
풀,19
두기,19
자몽,19
과자,19
롯데,19
배치,19
서나,19
해먹,19
보리,19
창,19
아들,19
프레,19
바리스타,19
콘,19
이도,19
짤,19
리스트,19
치아바타,19
가짓수,19
야경,19
촌,19
뎅,19
티라미슈,19
탈,19
시래기,19
사,19
올리브,19
라이스,19
발렛비,19
다운,19
베스트,19
성수동,19
전병,19
어머니,18
월요일,18
시판,18
상차림,18
오향,18
과대,18
거지,18
확장,18
외식,18
굴짬뽕,18
한텐,18
오스,18
슈크림,18
청,18
질도,18
여기저기,18
미나리,18
시내,18
호기심,18
텁텁,18
비위생적,18
영수증,18
이구,18
이기,18
산도,18
제품,18
테,18
망고,18
작,18
페이,18
우삼겹,18
라지,18
쓰시,18
다가,18
뱃살,18
빈티,18
칭찬,18
안보,18
겨자,18
자랑,18
불만족,18
그릴,18
만약,18
자마자,18
정보,18
된장국,18
외부,18
이자,18
설거지,18
뿌리,18
주위,18
석,18
쌈장,18
잠시,18
밥맛,18
기타,18
잡,18
차비,18
꽃게,18
청담,18
소개팅,18
가이드,18
갤러리,18
김치볶음밥,18
가슴,18
퀸,18
생맥주,18
모나카,18
냄비,18
꿀맛,17
동생,17
탄력,17
국적,17
부탁,17
양적,17
편도,17
배드,17
소라,17
맨손,17
민트,17
마요네즈,17
깡패,17
다대기,17
생기,17
육전,17
스탈,17
한쪽,17
센스,17
부,17
아웃,17
감수,17
포,17
파니니,17
심해,17
코다리,17
부페,17
잡고,17
표현,17
감탄,17
블루베리,17
뉴,17
도리,17
단팥빵,17
기만,17
제주,17
대학생,17
주기,17
궁합,17
공감,17
굽,17
참깨,17
풍경,17
무리,17
보지,17
땅콩,17
기복,17
하우스,17
프랑스,17
규동,17
귀,17
소세지,17
안이,17
선곡,17
불호,17
삼선짬뽕,17
인간,17
커피숍,17
아웃백,17
나무,17
에스프레소,17
소룡포,17
겨우,17
슴슴하,17
우리나라,17
랍스터,17
프렌치,17
내기,17
연유,17
남아,17
선정,17
회덮밥,17
성수,17
가츠동,17
국밥집,16
함정,16
안경,16
땀,16
난리,16
애기,16
네타,16
변,16
레이스,16
나머진,16
매니아,16
초벌,16
초딩,16
애매,16
역사,16
쿡,16
헛걸음,16
차로,16
티비,16
우려,16
이외,16
설,16
종,16
대학가,16
깨,16
소진,16
베,16
인심,16
오시,16
퍽퍽함,16
키친,16
이간,16
살살,16
나가야,16
취급,16
대접,16
라이,16
쿠폰,16
집임,16
감흥,16
포장마차,16
카라멜,16
냉이,16
종이,16
평준화,16
시트,16
아구찜,16
형태,16
완성,16
보리밥,16
애초,16
지불,16
곤,16
대치,16
파김치,16
월남쌈,16
포인트,16
주신,16
드레싱,16
고기국수,16
핸드,16
하프,16
놀람,16
배추김치,16
탄탄,16
식물,16
폴바,16
알리오,16
골뱅이,16
밀떡,16
마을,16
까페,16
거부,16
요소,16
북어,16
향기,16
만석,16
편육,16
누락,16
부산,16
압구정,16
백화점,16
카라,16
소하,16
기류,16
마스,16
리코,16
꼬리곰탕,16
스파이,16
익선동,16
둘째,15
주력,15
남성,15
코로,15
소자,15
단위,15
비지,15
각각,15
유리,15
대자,15
정원,15
존재,15
공지,15
장충동,15
스튜,15
자장면,15
사랑,15
지방,15
홍차,15
준수,15
누군가,15
깃,15
어울림,15
회도,15
마포,15
갯수,15
상가,15
낭시,15
닭꼬치,15
해물탕,15
종일,15
의견,15
달기,15
블랙,15
휴지,15
다크,15
이동,15
츄리,15
해물파전,15
산다,15
징,15
에그타르트,15
얼굴,15
기전,15
별하나,15
구비,15
체인,15
직화,15
개취,15
건너편,15
신건,15
의심,15
불어,15
해지,15
약속,15
세명,15
뚜껑,15
감당,15
구입,15
젓갈,15
대하,15
이점,15
무적,15
비리,15
크루아상,15
멕시칸,15
지난번,15
응,15
볼일,15
바게뜨,15
고춧가루,15
터리,15
호,15
대안,15
각종,15
부어,15
목적,15
쪼금,15
이돈,15
공장,15
함량,15
고르곤졸라,15
닭튀김,15
루꼴,15
각,15
테이크,15
레드,15
가로수길,15
필동,15
끌,15
하몽,15
삼청동,15
차지,15
빌딩,15
구석,15
의아,15
노가리,15
보이지,15
생태,15
잠봉뵈르,15
덜덜,14
워,14
지고,14
일인,14
헤비,14
무표정,14
슴,14
서도,14
프라,14
탕슉,14
갈매기살,14
장국,14
집도,14
업체,14
세고,14
여럿,14
중국음식,14
뒷맛,14
논,14
듯함,14
관심,14
전분,14
납득,14
행주,14
한판,14
마트,14
골목길,14
알탕,14
카이센동,14
여행,14
특이,14
결정,14
핵,14
독특,14
노량진,14
마라샹궈,14
견과류,14
정이,14
장안,14
놈,14
업,14
점심식사,14
알밥,14
땜,14
쇼콜라,14
라볶이,14
팁,14
조,14
기회,14
마다,14
수프,14
동의,14
란,14
눈물,14
마이,14
국산,14
된거,14
실,14
어쩌,14
먹물,14
남친,14
고가,14
앤,14
차례,14
근래,14
푸드,14
랍,14
다쿠아즈,14
청양고추,14
발도,14
래서,14
아보,14
소면,14
진동,14
여느,14
리오,14
마무리,14
동반,14
색깔,14
일주일,14
수요,14
페어,14
식이,14
큐브,14
초콜렛,14
맞은편,14
들기름,14
광장시장,14
대응,14
디쉬,14
손가락,14
다시마,14
후토,14
마키,14
내공,14
밀푀유,14
물씬,14
꼼장어,14
페퍼로니,14
어차피,14
포케,14
만둣국,14
관광객,14
그린,14
고양,14
방해,13
다이닝,13
장탕,13
글구,13
조심,13
즉석,13
도가니탕,13
삼,13
별관,13
돌솥밥,13
르,13
모던,13
허탕,13
코너,13
상호,13
담당,13
로서,13
한가지,13
비율,13
수집,13
이벤트,13
빼,13
마르,13
성지,13
하나로,13
돈부리,13
연,13
스끼,13
어디가,13
당시,13
겨,13
호주,13
제철,13
괜찬,13
보신,13
대요,13
점주,13
로스팅,13
야끼소바,13
화가,13
상견례,13
쓰레기,13
유럽,13
압도,13
높이,13
단가,13
행사,13
사정,13
칸,13
부자,13
가츠산,13
효율,13
진열,13
소시지,13
셀프서비스,13
결,13
이색,13
필터,13
시대,13
샹궈,13
쫄깃쫄깃,13
시골,13
프레첼,13
여자친구,13
보틀,13
연상,13
빨대,13
집들이,13
수록,13
어향,13
바베큐,13
코타,13
마이너스,13
동시,13
굴비,13
취소,13
쫄깃하,13
에이,13
아몬드,13
슬,13
타이,13
가운데,13
나시,13
성게,13
대로,13
스킬,13
유료,13
하동관,13
측면,13
가나,13
이미지,13
목동,13
샷,13
활용,13
마님,13
일회용,13
샹그리,13
카페라떼,12
결과,12
대략,12
남녀,12
공용,12
주택,12
션,12
기념일,12
머신,12
힘줄,12
족,12
패스트푸드,12
남지,12
화상,12
개판,12
일대,12
공원,12
국도,12
이사,12
입문,12
피순대,12
상승,12
콩국,12
어딘가,12
게리,12
닭똥집,12
집게,12
육,12
여태,12
버,12
척,12
살코기,12
고생,12
팥빙수,12
모카,12
참치회,12
요금,12
년전,12
포스,12
직장,12
주류,12
옥상,12
비누,12
만두전골,12
배탈,12
차서,12
상향,12
프렌치토스트,12
반말,12
유독,12
잡기,12
별개,12
커버,12
계란후라이,12
발생,12
보아,12
촉,12
툭툭,12
미역국,12
건너,12
픽업,12
양으로,12
듭,12
순대볶음,12
계열,12
린다,12
한국말,12
트럭,12
항,12
갈래,12
그림,12
친,12
크리스마스,12
빠에야,12
여친,12
물병,12
카페인,12
호르몬,12
슬로,12
탁,12
시오,12
끝맛,12
팔고,12
양호,12
카,12
인스턴트,12
효과,12
빛,12
손질,12
당분간,12
옹심이,12
패스,12
에피타이저,12
첨가,12
덤,12
북한,12
량,12
석쇠,12
걸레,12
가정,12
더러,12
리뉴얼,12
곡물,12
최애,12
괜춘함,12
삼치,12
동이,12
스트레스,12
칸막이,12
어마,12
서울숲,12
왤케,12
카푸치노,12
독일,12
펍,12
게임,12
한국어,12
흡연,12
동남아,12
을지,12
팬,12
이북,12
구분,12
냉채,12
주점,12
부대,12
밀도,12
언덕,12
홍탕,12
부리또,12
이탈리아,12
용기,12
원,12
자신,12
관자,12
존슨탕,12
추,12
위험,12
걸죽,12
심플,12
직,12
쏨땀,12
망원동,12
문래,12
동일,11
유도,11
타이밍,11
라인업,11
운치,11
개업,11
매,11
짐함,11
서브,11
최상,11
톤,11
아기,11
브리,11
부가,11
레이,11
게장,11
생일,11
줄설,11
소품,11
시나몬,11
황,11
덕후,11
리얼,11
괜츈,11
치가,11
날치,11
종합,11
판다,11
비려,11
이적,11
보관,11
요리사,11
볼때,11
퀄러티,11
옆집,11
순서대로,11
과정,11
보장,11
편의,11
률,11
투,11
블렌딩,11
영어,11
부근,11
맥도날드,11
타워,11
특이점,11
신사동,11
깨끗,11
길거리,11
비롯,11
셧,11
콩나물국,11
두운,11
도너츠,11
실력,11
콥,11
난방,11
더티,11
염,11
강요,11
플레,11
세팅,11
시즌,11
반숙,11
인공,11
브,11
고추기름,11
중화요리,11
연신내,11
망원,11
킹크랩,11
연구,11
요기,11
고추가,11
이지,11
채끝,11
송이,11
초창,11
리가,11
방법,11
터치,11
쫄깃함,11
발렛파킹,11
쫀득하,11
즉,11
마끼,11
차림,11
곳임,11
전시,11
고양이,11
슈퍼,11
당일,11
한남,11
뉴욕,11
신,11
다섯,11
미쉐린,11
날짜,11
홍,11
쥬스,11
둥둥,11
이태리,11
립,11
제주도,11
이안,11
우엉,11
형식,11
투움바,11
체험,11
택시,11
개반,11
린,11
촙촙,11
완,11
장육,11
쫀득쫀득,11
르망,11
할라피뇨,11
멘치,11
아파트,11
성북동,11
나고야,11
연속,10
물컵,10
연해,10
이란,10
혼,10
대감,10
살얼음,10
파채,10
깜놀,10
햇살,10
유기농,10
전과,10
구역,10
말랭이,10
와이프,10
후다닥,10
묵,10
선도,10
젓,10
상권,10
입천장,10
동선,10
성비,10
내면,10
가위,10
편의점,10
키즈,10
방이,10
트렌디,10
컷,10
개념,10
디테,10
말소리,10
의회,10
업무,10
티나,10
마늘빵,10
쏙,10
시식,10
소통,10
의향,10
계시,10
셈,10
등산,10
깊이,10
방금,10
매너,10
만남,10
양념치킨,10
중국산,10
별거,10
유니크,10
빵가루,10
허니,10
능,10
분위,10
중화,10
겉바,10
버스,10
본적,10
뽕,10
고함,10
구리,10
려,10
공짜,10
압박,10
흐물흐물,10
도둑,10
갈수,10
라즈베리,10
단연,10
불량,10
구지,10
브레드,10
관련,10
간식,10
당신,10
각자,10
물리,10
울림,10
환상,10
스키야키,10
억지로,10
상품,10
오레오,10
마당,10
쇼,10
닭다리,10
비닐,10
카스테라,10
인용,10
서지,10
아메,10
사회,10
진리,10
수선,10
명도,10
커틀렛,10
밥상,10
새우젓,10
요구,10
반대,10
열무,10
황태,10
오진,10
베드,10
감점,10
한강,10
십분,10
상한,10
식혜,10
처리,10
싱글,10
핫도그,10
폼,10
비위,10
냉장고,10
홍보,10
나라,10
감각,10
협소함,10
보완,10
갈매기,10
낼,10
가다가,10
푸드코트,10
상급,10
플래터,10
연인,10
전국,10
복숭아,10
클라우드,10
극악,10
나누기,10
회전초밥,10
사람과,10
향동,10
더위,10
차별성,10
김밥천국,10
에그베네딕트,10
캔,10
에끌레어,10
반드시,10
팬케익,10
핸드폰,10
사이다,10
와중,10
거림,10
탄산,10
고루,10
겹살,10
금구,10
서울시,10
신발,10
원산지,10
사탕,10
과연,10
개방,10
가미,10
진주,10
유산,10
사라다,10
혜자,10
셋트,10
탄산음료,10
여타,10
붓카케,10
육우,10
연남,10
핫케이크,10
문래동,10
지근,9
촬영,9
닭강정,9
예,9
호두,9
양지,9
판이,9
훈제,9
각오,9
칩,9
부속,9
세계,9
기적,9
장조림,9
필,9
모로,9
빚,9
결코,9
가보,9
샤리,9
보쌈김치,9
마련,9
지갑,9
교통,9
아숩,9
투썸,9
급식,9
개정,9
기지,9
미분,9
동그랑땡,9
무가,9
단편,9
라스트,9
설사,9
코드,9
랜덤,9
합격,9
전보,9
출연,9
라임,9
주걱,9
쇠고기,9
역대,9
토마호크,9
베이,9
하늘,9
맥,9
밥류,9
상위,9
광,9
하수,9
드림,9
사거리,9
중면,9
연결,9
가을,9
빨미까레,9
반응,9
고개,9
중하,9
싹,9
음식물,9
그동안,9
앙금,9
미식,9
레벨,9
저리,9
햇빛,9
물티슈,9
일본어,9
오름,9
편안함,9
식품,9
욥,9
재활용,9
컨디션,9
피크,9
또띠아,9
커피잔,9
위로,9
카톡,9
하드,9
자두,9
어,9
퍼보,9
착석,9
기한,9
서울대,9
점포,9
아픔,9
코팅,9
신선,9
가격표,9
스페인,9
대학,9
냉방,9
신세계,9
그땐,9
개도,9
자제,9
회랑,9
지향,9
계피,9
정육,9
냅킨,9
도도,9
초록,9
발의,9
조그만,9
진짜진짜,9
애견,9
내용,9
일지,9
모름,9
솜씨,9
연한,9
도저히,9
퀘사디아,9
불가능,9
애정,9
비릿,9
번만,9
브루잉,9
케,9
전날,9
환,9
물맛,9
콜라보,9
어요,9
밀,9
뼈찜,9
물탄,9
신당동,9
어이,9
어서,9
변화,9
오니,9
재즈,9
명단,9
왜인,9
마케팅,9
차도,9
나니,9
부부,9
도나,9
팔,9
몹시,9
현대,9
테라로사,9
부스러기,9
성공,9
샌드,9
지옥,9
지하철,9
가든,9
유부초밥,9
구색,9
타르,9
트리,9
수량,9
합정,9
뚝딱,9
사전,9
아란치니,9
잉,9
카포네,9
모자,9
술술,9
귀가,9
포토,9
과카,9
청포도,9
퇴근,9
맛보기,9
포만,9
만족감,9
성신여대,9
나들이,9
정체,9
돼지국밥,9
와우,9
시청,9
우리동네,9
설치,9
모짜렐라,9
다방,9
토막,9
물기,9
서면,9
프릳츠,9
찹쌀떡,9
상해,9
부탄,9
츄,9
양장,9
공덕,9
멕시코,9
터키,9
목요일,8
제거,8
백원,8
동태,8
파가,8
통째,8
로컬,8
띠,8
눈데,8
후르,8
라이트,8
주택가,8
콩가루,8
마심,8
똥,8
어린이,8
향수,8
우수,8
난이,8
부실,8
낙산,8
대중교통,8
개별,8
닭칼국수,8
나이프,8
무니,8
국시,8
그램,8
홍어,8
지짐,8
유니짜장,8
하단,8
지나,8
마약,8
최상급,8
나진,8
가구,8
계절,8
방울,8
히레까스,8
주얼,8
할아버지,8
흔적,8
경쟁력,8
제격,8
강점,8
화요일,8
돌뼈,8
발걸음,8
에바,8
회냉,8
쭉,8
어두움,8
안달,8
대용,8
발길,8
킹,8
양갱,8
사당역,8
욕심,8
려고,8
소유,8
달콤,8
양심,8
왼쪽,8
기간,8
미숙,8
추구,8
실화,8
내외,8
설빙,8
폰,8
찰떡,8
화로,8
지지,8
갓김치,8
쿠,8
손맛,8
소화,8
전달,8
다른사람,8
합석,8
진국,8
로드,8
솥,8
베이비,8
팟,8
냉삼,8
강릉,8
물어,8
서기,8
해물짬뽕,8
던,8
인걸,8
번창,8
명소,8
토마토소스,8
김치전,8
껏,8
최강,8
구림,8
한장,8
간간,8
열무김치,8
무스,8
아내,8
친철,8
뚜,8
반주,8
충분,8
꼬마,8
정감,8
관계,8
팩,8
거려,8
블,8
외진,8
중심,8
윙,8
강력,8
가량,8
도가니,8
종이컵,8
맘스,8
직후,8
디지털,8
필라프,8
쌀밥,8
부채살,8
방역,8
아우,8
시중,8
곰국,8
왜케,8
스키,8
몰리,8
통밀,8
객관,8
업데이트,8
편백,8
고딩,8
착,8
도삭,8
씨,8
적절,8
그릭,8
궁,8
해동,8
살구,8
객,8
작성,8
싸움,8
고통,8
수분,8
다이어트,8
첫인상,8
바가지,8
등록,8
컴,8
데코,8
팔라펠,8
개월,8
봉피,8
푸팟퐁,8
중이,8
서고,8
해주,8
통해,8
남편,8
브루클린,8
믹스,8
베이징,8
크랩,8
질문,8
호선,8
쪼,8
진해,8
헬,8
희소성,8
텀,8
프로슈토,8
가니쉬,8
풍기,8
파히타,8
가래떡,8
론,8
주네,8
노미,8
촉촉,8
창고,8
어쨌든,8
올드,8
레트로,8
다양,8
개발,8
기침,8
타우,8
쉑,8
군더더기,8
롱,8
불향,8
무국,8
일관,8
남사,8
서민,8
떼,8
곳곳,8
확률,8
나주,8
지리,8
명불허전,8
행복,8
털,8
정석,8
나용,8
딸,8
강조,8
볼륨,8
왕만,8
만난,8
대형,8
때매,8
회의,8
청년,8
반도,8
쫄,8
반영,8
타이틀,8
샤베트,8
부암동,8
대학로,8
남자친구,8
쌀떡,8
프라이드,8
겐,8
공연,8
최대,8
재촉,8
석촌호수,8
하와,8
소식,8
교대,8
메이,7
발전,7
가능성,7
호일,7
천국,7
남도,7
여지,7
캐릭터,7
블랜딩,7
초이스,7
카피,7
제조,7
중대,7
돌이,7
전후,7
뿔,7
파티,7
살때,7
신고,7
봉지,7
담날,7
대고,7
큰소리,7
부침개,7
사발,7
수입,7
트렌드,7
순위,7
훅,7
상함,7
하든,7
도산,7
개시,7
항아리,7
고사리,7
후라이드,7
공영,7
타입,7
스피커,7
맞이,7
최소한,7
식욕,7
뭣,7
조선족,7
모듬전,7
대학교,7
이체,7
방배,7
낭,7
읍,7
종지,7
덴뿌라,7
횟감,7
동료,7
껌,7
관념,7
교체,7
용서,7
랫,7
모금,7
최적화,7
옵션,7
무려,7
곱빼기,7
이만원,7
테이,7
쥬얼,7
미디움,7
대처,7
길가,7
반개,7
순두부찌개,7
중국요리,7
낯선,7
구청,7
언급,7
어쩌구,7
장바닥,7
앤쿡,7
분기,7
조치,7
환불,7
취지,7
빵빵,7
밀면,7
떡국,7
호떡,7
형성,7
남여,7
도동,7
세대,7
무색,7
형편,7
저녁식사,7
주머니,7
절대로,7
기구,7
도시락,7
성은,7
자재,7
신림,7
리나,7
첨부,7
적도,7
리아,7
이어도,7
줏대,7
바퀴벌레,7
펜,7
브랜딩,7
돈가츠,7
조음,7
일수,7
콘치,7
방앗간,7
갈림,7
강하,7
조개찜,7
벌써,7
강의,7
핑크,7
모닝,7
미각,7
쾌적,7
율도,7
평생,7
조선,7
토속,7
최적,7
간혹,7
손바닥,7
물건,7
핀,7
비치,7
소머리국밥,7
고고,7
충,7
영향,7
서브웨이,7
설마,7
몫,7
댐,7
안고,7
피스타치오,7
프라푸치노,7
메추리,7
인삼,7
아울렛,7
브리또,7
쫄깃해,7
치돈,7
반점,7
콤보,7
곧,7
산이,7
반려견,7
반상,7
적정,7
조명도,7
안정,7
바짝,7
코끼리,7
카토,7
단독,7
나오니,7
플라스틱,7
정상,7
일리,7
대패,7
비중,7
병원,7
등촌,7
세로,7
생맥,7
레몬에이드,7
아부,7
반복,7
혜화,7
일본인,7
오사카,7
인증,7
카야,7
오장동,7
심심,7
적극,7
꽈배기,7
크루,7
벨벳,7
신흥,7
두루,7
젊은이,7
넘김,7
팀호완,7
가우,7
제과점,7
임대료,7
양평,7
어유,7
원가,7
시나몬롤,7
더치커피,7
단발머리,7
클럽,7
인앤아웃,7
체리,7
나로,7
두툼해,7
중앙,7
도움,7
메로,7
바다,7
가마,7
쯔유,7
대의,7
책정,7
후루룩,7
본토,7
턱스,7
복판,7
영등포,7
틀,7
피치,7
오븐,7
도심,7
그라탕,7
졸라,7
내야,7
밥값,7
충전,7
마니아,7
보이시,7
최자,7
닭목,7
구로,7
기성품,7
점검,7
눈꽃,7
기술,7
전기,7
술자리,7
울면,7
테러,7
토종닭,7
시점,7
이영자,7
사시,7
가락,7
특수,7
콤달콤,7
클래스,7
이하임,7
케바케,7
회관,7
아포가토,7
기존,7
오무라이스,7
오락가락,7
염통,7
크레이지,7
특정,7
파크,7
고유,7
한계,7
근무,7
라인,7
오코노미야끼,7
피맥,7
맥앤치즈,7
바이,7
앞치마,7
쫀쫀,7
도보,7
무게,7
머쉬룸,7
도안,7
미아,7
입장료,7
용량,7
외로,7
가방,7
물엿,7
방치,7
청어,7
넉,7
뽀삐,7
하카타,7
버갈,7
에소,7
순이,7
이성당,7
왕십리,7
박령,7
구복,7
북엇국,7
분레,7
하라,6
지로,6
으뜸,6
빙하,6
뻘뻘,6
후반,6
물통,6
거짓말,6
로움,6
강북,6
투탑,6
자장,6
기호,6
신라면,6
발효,6
멍게,6
무생채,6
한숨,6
착각,6
맨,6
감자칩,6
운전,6
봉투,6
일산,6
내겐,6
바퀴,6
한남동,6
동아,6
융통성,6
화교,6
경향,6
졸,6
녀석,6
축,6
드뎌,6
요식업,6
영화,6
아유,6
천식,6
아르바이트,6
오직,6
함바,6
챠슈,6
누텔라,6
보라,6
의장,6
흉내,6
전도,6
전의,6
전집,6
독보,6
통로,6
아버지,6
주물럭,6
고장,6
폭탄,6
유통,6
램,6
반감,6
취,6
한여름,6
다시다,6
론데,6
미들급,6
최,6
쫀득해,6
스팅,6
슈,6
팩트,6
신기,6
낙성대,6
가리비,6
가짜,6
고풍,6
미세먼지,6
오른쪽,6
그날그날,6
맹탕,6
학식,6
뭍,6
모듬회,6
웨,6
초등학교,6
봉,6
뚜기,6
만오천원,6
치마,6
커피한잔,6
악,6
청경채,6
권,6
떡집,6
팔지,6
울,6
장내,6
햇볕,6
연근,6
일일이,6
단백,6
양재,6
매집,6
가츠,6
안듬,6
가계,6
계,6
영상,6
드라마,6
폭립,6
퍽퍽해,6
수돗물,6
하하,6
찌꺼기,6
느,6
추정,6
온스,6
기자,6
것임,6
주저,6
뭐시기,6
리치,6
품목,6
양상추,6
월,6
연세,6
지게,6
선지국,6
일정,6
리저,6
손톱,6
리조,6
휴일,6
무서움,6
회전초밥집,6
라가,6
설농탕,6
체계,6
알코올,6
문구,6
문의,6
칼제비,6
맛탕,6
술국,6
숲,6
슈패너,6
원형,6
마디,6
휠체어,6
브라운,6
덩,6
이예,6
정가,6
모래,6
선술집,6
기네,6
어찌,6
두시,6
가산,6
전용,6
공휴일,6
정량,6
식후,6
녜,6
칙,6
방영,6
물음표,6
명태,6
아포,6
테린느,6
흡입,6
스스로,6
슬픔,6
미숫가루,6
브레첼,6
복날,6
경쟁,6
아이덴티티,6
럼블,6
우연,6
연휴,6
교,6
어회,6
토치,6
맵진,6
크림소스,6
오코노미야키,6
칭따오,6
뿐더러,6
고용,6
등뼈,6
오신,6
북카페,6
강제,6
구가,6
끝판,6
짱짱,6
툭,6
하나요,6
미트볼,6
듯이,6
예의,6
랩,6
냉장,6
슈가,6
순환,6
바오,6
허리,6
재현,6
코엑스,6
차고,6
넷,6
발레,6
불모,6
법카,6
떨기,6
저녁때,6
스탠다드,6
베네딕트,6
토종,6
아메리칸,6
유리창,6
내심,6
다데기,6
커녕,6
오리고기,6
기업,6
민초,6
균형,6
수의,6
토마,6
사악,6
시각,6
입가심,6
우렁,6
숙회,6
즐거움,6
재방,6
저격,6
에클레어,6
젤리,6
호면,6
빗,6
개비,6
구나,6
크랜베리,6
테마,6
수비드,6
카이,6
골드,6
민어,6
적응,6
소한,6
어어,6
실속,6
알찜,6
깜빠뉴,6
기기,6
샤워,6
로테이션,6
정취,6
미역,6
동행,6
어보,6
멍,6
마침,6
팔보채,6
삐,6
아구,6
투어,6
롯데리아,6
보구,6
차이점,6
출입,6
여사,6
십년,6
벼르,6
말로,6
따닥따닥,6
호프,6
공,6
앞쪽,6
대파,6
교회,6
깜빡,6
약방,6
쫑,6
해소,6
블로거,6
연말,6
삭,6
노상,6
리타,6
버팔로,6
식구,6
싹싹,6
진정,6
컵라면,6
직전,6
드라이,6
주먹,6
안동,6
책상,6
동대문,6
중요시,6
초마,6
미디엄,6
조식,6
민,6
경복궁,6
마루,6
반입,6
물김치,6
줄줄,6
과장,6
최대한,6
노출,6
해리포터,6
서점,6
레이크,6
합정동,6
시로,6
하카다,6
레귤러,6
분과,6
백탕,6
추움,6
하와이,6
부시,6
전당,6
해체,6
방배동,6
면류,6
진행,6
핫초코,6
케밥,6
즈음,5
왕창,5
오분,5
으레,5
창동,5
나가사키,5
비림,5
경관,5
돌판,5
보특,5
헤,5
혼합,5
천연,5
페,5
둥,5
신경질,5
배민,5
스팀,5
연중,5
웬,5
비록,5
퐁듀,5
실컷,5
저가,5
가파르,5
본질,5
구울,5
맹맛,5
마파,5
난후,5
뚝,5
탄두리,5
어째서,5
자세,5
두유,5
용도,5
박지,5
피칸,5
득,5
똑바로,5
농도,5
힐,5
힐링,5
황당,5
단일,5
우르르,5
이틀,5
나베,5
도마,5
껀,5
맥날,5
출입구,5
천엽,5
추진,5
바스크,5
약국,5
익음,5
상업,5
패스츄리,5
계좌,5
양산,5
따름,5
난자완스,5
플라워,5
시리즈,5
마크,5
한적,5
활,5
서인,5
흥건,5
박수,5
랜드,5
지네,5
태,5
조용조,5
권유,5
워터,5
쓰기,5
혹,5
쵝오,5
애인,5
번화가,5
오천원,5
석화,5
사당,5
당장,5
유투브,5
레알,5
그다음,5
쿵,5
역점,5
앱,5
달라짐,5
갈색,5
통일,5
싼값,5
주전,5
절실,5
계획,5
적합,5
도장,5
자동,5
땡초,5
어딘,5
중국어,5
소시,5
감시,5
비만,5
북,5
타지,5
꾸리,5
솔직,5
반정,5
삭함,5
공격,5
심심함,5
꽈리,5
고소,5
파니,5
끼니,5
이크,5
봉천,5
석도,5
부타동,5
토리,5
데미,5
그라스,5
지경,5
우시,5
신림역,5
향연,5
더치,5
플로,5
특대,5
내지,5
나인,5
우도,5
자부심,5
인도요리,5
이중,5
듁스,5
하필,5
기와,5
곡,5
우린,5
산딸기,5
박하,5
중반,5
만들기,5
리틀,5
츤데레,5
불곱창,5
뚱카롱,5
중요,5
정치,5
에스,5
까르,5
페페로니,5
아귀,5
흰색,5
임시,5
덜달,5
탄수화물,5
맘껏,5
고로,5
어어어어,5
에르,5
아르바이트생,5
금세,5
레일,5
칼집,5
림,5
집기,5
택,5
한몫,5
훠,5
안주시,5
노말,5
몇장,5
땅,5
로고,5
진입,5
전주,5
개미,5
바보,5
해초,5
도식,5
몰이,5
신뢰,5
낫밷,5
문자,5
체감,5
답지,5
어플,5
별루였,5
쥐,5
강도,5
동동주,5
글귀,5
문집,5
토시,5
한창,5
쑥국,5
커스터드,5
진진,5
초면,5
밀집,5
승,5
참으로,5
나야,5
시원,5
작품,5
응원,5
우드,5
리기,5
닷,5
하남,5
아시,5
리라,5
뉴스,5
달래,5
노른자,5
이남,5
콰트로,5
바구니,5
용이,5
닭백숙,5
머핀,5
큰일,5
그린티,5
춥다,5
유의,5
모츠,5
개입,5
음미,5
보드게임,5
일자,5
슾,5
청담동,5
파우더,5
논현동,5
오마이,5
필욘,5
거주,5
곁,5
보람,5
웰던,5
군내,5
탁트인,5
키토,5
식단,5
고오,5
동물성,5
병아리,5
비트,5
동감,5
평냉집,5
기계로,5
달랑,5
이의,5
똠,5
꿍,5
애용,5
죽음,5
항정,5
박,5
현장,5
도수,5
칼로리,5
통창,5
질질,5
료,5
최고급,5
복도,5
라나,5
삼만원,5
살인,5
김말이,5
감기,5
채운,5
대한민국,5
채광,5
오케이,5
실외,5
제때,5
의외,5
스테키동,5
피낭,5
통화,5
중년,5
미래,5
옹,5
듣기,5
메론,5
인덕션,5
타마,5
나폴리,5
표방,5
팍,5
민족,5
그로,5
티백,5
뱅쇼,5
그럭,5
저럭,5
용산,5
정기,5
방장,5
숯,5
대세,5
삐걱,5
의의,5
신라,5
돈값,5
역삼,5
핏,5
엉덩이,5
넣기,5
에어,5
케이,5
충전기,5
여우,5
일회용품,5
메밀전,5
솔트,5
소규모,5
최우영,5
고추냉이,5
제멋대로,5
소위,5
선선,5
텅텅,5
말함,5
잔소리,5
회사원,5
학창시절,5
휴가,5
미도,5
유튜브,5
두루치기,5
머릿,5
방향,5
연못,5
파라,5
상관,5
좌우,5
표기,5
깃밥,5
흥남,5
전설,5
정동,5
장식,5
파리바게트,5
상하,5
다락,5
오니기리,5
호랑이,5
닭찜,5
인수,5
꼴,5
숫,5
혜민,5
영혼,5
숙취,5
찐빵,5
바이브,5
온천,5
미술관,5
활짝,5
입지,5
본기,5
쌍,5
빙,5
꼽,5
완자,5
소비자,5
치아,5
편리,5
야키소바,5
쯔,5
요인,5
이마트,5
지식,5
샘플러,5
불닭볶음면,5
딘타이펑,5
지정,5
윤기,5
고추전,5
정육점,5
최초,5
유부,5
기념,5
소가,5
새알,5
배리,5
배전,5
허세,5
정점,5
동행인,5
잠봉,5
북해도,5
무기,5
대통령,5
삼십분,5
사치,5
지적,5
백년,5
절로,5
링크,5
픽,5
경사,5
지기,5
양반,5
인사동,5
글라스,5
테이스티,5
마이크,5
인지도,5
장용,5
무맛,5
밀양,5
빌즈,5
덮개,5
슬슬,5
무성의,5
에일,5
수박,5
가림,5
입점,5
수타면,5
오른,5
우럭,5
라우,5
삼선짜장,5
대포,5
출근,5
탁자,5
고집,5
세심,5
장인,5
이탄,5
초심자,5
큐,5
연희,5
초무,5
보리차,5
토코,5
한약재,5
베가,5
몽블랑,5
삼색,5
브라,5
표고,5
몸국,5
제과,5
노원구,5
투고,5
달짝,5
짓,5
비어,5
기겁,5
런던,5
진탕,5
리가토니,5
풀이,5
유케동,5
오드리,5
해방촌,5
창성,5
투자,4
통오징어,4
수고,4
생신,4
면장,4
낙곱,4
전만,4
브륄레,4
술값,4
복합,4
잡곡,4
금상첨화,4
도다리,4
어우,4
르동,4
엘리베이터,4
앞다리,4
뒷다리,4
마는,4
추어,4
일일,4
사누끼,4
고무,4
나위,4
수요일,4
상자,4
항의,4
치즈스틱,4
비굿,4
금물,4
진득,4
이문동,4
공존,4
전쟁,4
경,4
텍,4
세이브,4
인성,4
해당,4
공유,4
식도,4
예외,4
삭제,4
방지,4
웟,4
아스파라거스,4
칭송,4
한시,4
햇음,4
빅맥,4
눌,4
들락날락,4
본사,4
납품,4
맜,4
세척,4
퀄리,4
나가요,4
매출,4
신한,4
세금,4
노을,4
초록색,4
찿,4
안도,4
갑오징어,4
입도,4
단촛물,4
아이스티,4
스푼,4
산맥,4
구래,4
먹을껄,4
고향,4
모이,4
화요,4
주전자,4
숟갈,4
시나,4
미지,4
사도,4
출근길,4
효,4
홈,4
캬,4
별세,4
임의,4
역할,4
자로,4
대합,4
차요,4
나기,4
명의,4
철학,4
습관,4
명예,4
판도,4
도서관,4
톨,4
시반,4
사면,4
사모님,4
녹,4
문안,4
격식,4
거저,4
싱싱,4
성격,4
차끌,4
꼬꼬,4
노리,4
닝닝,4
내사,4
아침식사,4
웃음,4
자취,4
온정,4
오도,4
생략,4
맴,4
증말,4
초입,4
초장,4
쯔란,4
비슷비슷,4
파절,4
버젼,4
피고,4
저기,4
보너스,4
개존맛,4
대왕,4
마땅치,4
밀리,4
지다,4
샹,4
치즈케잌,4
디져트,4
부정,4
파스,4
타운,4
얼른,4
텅,4
실험,4
대쪽,4
조차,4
벽쪽,4
끝장,4
마비,4
셀카,4
목욕탕,4
본래,4
페퍼민트,4
고아,4
기반,4
특등,4
흐물,4
상대방,4
연포탕,4
메이드,4
코코,4
사항,4
소란스러움,4
여인,4
오야,4
데리야끼,4
점임,4
가맹,4
신상,4
놀이,4
난건,4
뜸,4
맑음,4
금은,4
멘트,4
쫄깃쫄깃해,4
오일이,4
자국,4
월급,4
낭패,4
특화된,4
소파,4
젤로,4
푼,4
오라,4
행위,4
스윗,4
발란스,4
코앞,4
휘핑,4
스팟,4
비결,4
케찹,4
문화,4
거만,4
자락,4
소독,4
검증,4
교포,4
봣,4
혹평,4
잡담,4
업력,4
자판기,4
꿈,4
계곡,4
일도,4
해쉬,4
케어,4
곰팡이,4
토스,4
직영,4
나이스,4
시흥,4
발레파킹,4
퍼포먼스,4
제입,4
문후,4
고지,4
한자리,4
팔도,4
판교,4
반포,4
다라,4
뻥튀기,4
바라지,4
불과,4
뮤,4
호출,4
방음,4
열시,4
궁뎅,4
관점,4
지대,4
표준,4
참나물,4
들쭉날쭉,4
스토리,4
괜찬다,4
나가사끼,4
브래드,4
고압,4
밥위,4
신경안,4
호들갑,4
작가,4
미약,4
처넌,4
콘크리트,4
스쿱,4
핵심,4
춘하,4
찮,4
맛깔,4
대낮,4
창살,4
홍게,4
마켓팅,4
오리탕,4
담소,4
앞집,4
호야,4
짭짜름,4
백퍼,4
멜론,4
덩달아,4
반쪽,4
초파리,4
대개,4
볶이,4
정문,4
신의한수,4
추위,4
더니,4
좀비,4
땅값,4
굉장,4
미인,4
검정,4
야들야들,4
이십분,4
통제,4
인내심,4
손길,4
밍숭맹숭,4
피하,4
뉴올리언스,4
포터,4
안질,4
시어,4
별루임,4
매쉬,4
의왕,4
영동,4
깨달음,4
부수,4
미팅,4
똠얌꿍,4
토욜,4
호감,4
연예인,4
전적,4
슴슴함,4
요긴,4
시야,4
투머치,4
사업,4
승리,4
똠얌,4
의도,4
사람인,4
신사,4
수향,4
술밥,4
플러스,4
밀크쉐이크,4
별반,4
룸비,4
상이,4
무채,4
감정,4
링귀,4
딜,4
았,4
표고버섯,4
아이디어,4
북경오리,4
짭쪼롬,4
춘천,4
미터,4
펌킨,4
업주,4
시너지,4
왕새우,4
웅,4
찬양,4
주니,4
투명,4
간전,4
다인,4
연령,4
메이플,4
튀어,4
라벤더,4
럭셔리,4
조인트,4
흐름,4
로미,4
고하,4
대다수,4
대기업,4
노노,4
냉동식품,4
제약,4
만듬,4
시선,4
염도,4
켯,4
캬라멜,4
로맨틱,4
자루,4
아빠,4
스텝,4
궁금,4
저염식,4
논현,4
도중,4
서초,4
붓카,4
셀,4
상치,4
와인잔,4
쭉쭉,4
이타,4
꼬소,4
부엌,4
디테일,4
거울,4
소비,4
빠리,4
즐,4
보온,4
노이즈,4
수건,4
패치,4
와퍼,4
제안,4
무드,4
쇠,4
순서도,4
사후,4
휙,4
변동,4
식당가,4
구내식당,4
올해,4
불쇼,4
통신사,4
강압,4
주중,4
인식,4
보편,4
호박죽,4
진창,4
함부로,4
흥,4
로라,4
이천원,4
휑,4
다마,4
도쿄,4
따로따로,4
더움,4
텃만꿍,4
좔좔,4
최선,4
협소합,4
천,4
혼란,4
넌,4
수란,4
산방,4
명절,4
돌솥비빔밥,4
캐셔,4
일체,4
한식당,4
운동,4
입자,4
평창동,4
분만,4
보정,4
라며,4
가려진,4
맹물,4
경기도,4
청계천,4
순대집,4
똑,4
써비스,4
불명,4
쇼유,4
수로,4
림벅,4
말기,4
비비,4
개화,4
궁금증,4
잡지,4
배경,4
남대문,4
명부,4
근대,4
호구,4
관람,4
우즈벡,4
우완,4
광동,4
추후,4
피쉬,4
욧,4
하노이,4
낌,4
솔드아웃,4
미미,4
생활의달인,4
차량,4
핏자,4
비갑,4
떡뽁,4
여러분,4
뒷골목,4
꼴뚜기,4
금지,4
안드로메다,4
센터,4
안듭,4
앞뒤,4
조만간,4
증,4
사주면,4
삼성,4
핫소스,4
쑥향,4
온갖,4
짭쪼름,4
몽골,4
떡볶기,4
스위트,4
스텀,4
분식점,4
락교,4
세기,4
조정,4
긺,4
관광지,4
바디,4
옥뷰,4
인왕산,4
북촌,4
루벤,4
리스,4
청진,4
매스컴,4
드라이브,4
질리,4
약재,4
낭낭,4
만날,4
외투,4
기어,4
평택,4
닝,4
하겐다즈,4
룰,4
커팅,4
라씨,4
멋대로,4
생산,4
눅눅,4
양해,4
밍,4
한가운데,4
샤인,4
스캣,4
순번,4
라서,4
어란,4
스틱,4
상추튀김,4
오징어순대,4
서대문,4
타루,4
꽃빵,4
기절,4
꽃게탕,4
흐,4
제각각,4
에티오피아,4
전문가,4
송아지,4
오해,4
뵈프,4
폭발,4
딱지,4
사고,4
올리브유,4
의리,4
양질,4
지은,4
주가,4
풋내,4
종료,4
로써,4
티라미스,4
치즈볼,4
쇼케이스,4
놉,4
사담,4
이티,4
해석,4
크리스,4
능력,4
배짱,4
만화,4
대구,4
아케,4
화이,4
왈,4
상암,4
순면,4
미고,4
커스타드,4
너머,4
러버,4
슬러쉬,4
오슈,4
뇨,4
개드립,4
방석,4
강된장,4
뿜뿜,4
캘리,4
매진,4
레어,4
노원,4
줄평,4
어번,4
고등학생,4
인스타그램,4
초대,4
심각,4
에러,4
만천원,4
전통주,4
호정,4
접수,4
에피,4
과도,4
허용,4
신하,4
쏘우,4
볼거리,4
만삼천원,4
파불,4
내년,4
웨이터,4
대식,4
원점,4
쇼핑,4
위층,4
탄두리치킨,4
송리단길,4
방이동,4
매드,4
엣지,4
술찜,4
채식,4
뇽,4
헬라,4
생명,3
빨간색,3
감칠,3
지속,3
후의,3
장수,3
세제,3
저런,3
강정은,3
휴업,3
잔치,3
캠핑,3
페인트,3
칡,3
보양,3
미더덕,3
십,3
크레프,3
애교,3
현수막,3
리브,3
산낙지,3
저온,3
크렘브륄레,3
상임,3
비단,3
호치민,3
불법,3
돼지껍데기,3
입산,3
토박이,3
하디,3
사방,3
개점,3
이왕이면,3
본관,3
주꾸미,3
비릿함,3
소용,3
쑥갓,3
쉰내,3
았음,3
깃대봉,3
압,3
춘장,3
치중,3
전국구,3
쌩,3
오자,3
조육,3
아릴,3
맛잇엇음,3
사나,3
오소리,3
한양,3
아드님,3
삼이,3
거미,3
아지트,3
성질,3
기량,3
무렵,3
피망,3
대가리,3
코코아,3
햇습,3
왓다,3
불쾌,3
로얄,3
런,3
힙하,3
지하가,3
가신,3
폭풍,3
평수,3
피카츄,3
테잌,3
크리미,3
층집,3
송탄,3
포트,3
현대인,3
닭장,3
국세청,3
조사,3
몀,3
나은정,3
회맛,3
사르르,3
출장,3
보류,3
장담,3
인터,3
배아,3
수사,3
숙련,3
이수역,3
파워블로거,3
양송이,3
성도,3
타겟,3
쫙,3
자본주의,3
토닉,3
빙기,3
이수,3
시크,3
외국어,3
오만원,3
퐁당,3
아롱사태,3
반비례,3
맜있,3
씬,3
제리,3
키조개,3
글루텐,3
빠바,3
참치초밥,3
테디,3
왜줄,3
마라롱샤,3
굿임,3
서교동,3
송파,3
융,3
불도,3
대체재,3
러시,3
아시아,3
면빨,3
하위,3
르꼬,3
크래커,3
목포,3
밑밑,3
녹음,3
팽이,3
단발,3
아귀찜,3
간의,3
백합,3
시더,3
솔,3
레터,3
취미,3
덴,3
배경음악,3
사철,3
고시촌,3
흠칫,3
밀착,3
구멍,3
크런치,3
팥빵,3
일보,3
미자,3
강강술래,3
강강,3
땜시,3
이빨,3
라이브,3
온누리,3
캡사이신,3
달작,3
마이너,3
중정,3
리좀,3
아나고,3
갓김취,3
해유,3
천차만별,3
일본음식,3
고슬고슬,3
더구나,3
꼬들꼬들,3
허겁지겁,3
막쌈,3
맹하,3
관악구,3
동도,3
혈관,3
쌔,3
순삭,3
짝수,3
화장품,3
시그너처,3
후짐,3
라차,3
갠찮은데,3
진용,3
수년,3
빡빡,3
강매,3
어쩌다가,3
일해,3
창구,3
활성화,3
캘리포니아,3
연락,3
먹엇어,3
디카,3
페인,3
요가,3
위장,3
이스,3
방일,3
럭,3
살의,3
태블릿,3
쫘악,3
최신,3
무인,3
밑바닥,3
안녕,3
에어팟,3
밥솥,3
밑면,3
겉멋,3
꼬동,3
지구,3
오삼,3
엉엉,3
꼭꼭,3
중복,3
후드,3
방도,3
발사믹,3
우러,3
토렴해,3
경장육슬,3
부피,3
장치,3
세용,3
라따뚜이,3
마구,3
해삼,3
지시,3
시름,3
미소라멘,3
얼룩,3
모바일,3
연탄구이,3
남고,3
번감,3
이따,3
취하,3
취함,3
스트로베리,3
전하,3
빠짝,3
형님,3
느므,3
베이직,3
단것,3
틈새,3
로투스,3
맥심,3
톳,3
갠츈,3
마가,3
전략,3
흡연실,3
커피전문점,3
마자,3
마장,3
이신,3
유가,3
신논현역,3
쏘스,3
얼씬,3
마음껏,3
여전,3
인건비,3
원칙,3
써브웨이,3
갈증,3
쓰레기통,3
쌀빵,3
반올림,3
보편화,3
때메,3
계량,3
설정,3
거미줄,3
진맛,3
구어,3
소뼈,3
우이동,3
파서,3
가파른,3
산속,3
맥너겟,3
기프티콘,3
참다랑어,3
사무,3
삼천원,3
아이돌,3
트리플,3
퍽,3
금천구,3
여섯,3
사브,3
엔칠라다,3
상당수,3
개중,3
기차,3
켜,3
아라하,3
인위,3
부디,3
색감,3
공기청정기,3
출발,3
몬,3
김천,3
경계,3
신도림,3
괜차,3
특별,3
펄,3
행,3
그이,3
답변,3
정해진,3
접근,3
댁,3
전라도,3
고흥,3
엽,3
수긍,3
동전,3
여요,3
그랫음,3
후라이팬,3
시가,3
캘리포니아롤,3
천호동,3
열쇠,3
배제,3
서비스업,3
파트너,3
테이스티로드,3
메주,3
에그인헬,3
착착,3
순식간,3
쿱,3
조작,3
클린,3
도루묵,3
호밀빵,3
명시,3
부탄가스,3
오발탄,3
청량고추,3
극적,3
아사히,3
프런트,3
꼴깝,3
악의,3
처벌,3
쉰,3
훈남,3
현선,3
젖,3
쌍욕,3
물컹,3
이요,3
십만원,3
워커힐,3
막입,3
이듬,3
빠빠,3
인증샷,3
본가,3
은평구,3
스태프,3
하락,3
덕함,3
리뉴,3
넘버원,3
케이스,3
윙봉,3
탈세,3
사랑방,3
면맛,3
먹엇을때,3
눈앞,3
아이스바,3
분말,3
비염,3
여진,3
싼마이,3
요정,3
마블링,3
패,3
방문자,3
쭈,3
타인,3
츠케,3
말리,3
텀블러,3
쌈무,3
디다,3
페리,3
여담,3
팅함,3
존엄,3
힙함,3
보태,3
공통,3
호가든,3
해진,3
비비고,3
윽,3
살몬,3
폐공,3
정책,3
기보,3
역삼역,3
이보,3
용인,3
매운갈비찜,3
바비,3
마저,3
밤새,3
뱃고동,3
광합성,3
컷던,3
아이러니,3
안배,3
후무스,3
꼬들,3
포스코,3
패밀리,3
놋북,3
일종,3
기운,3
이상인,3
어머님,3
숨,3
어케,3
척도,3
크레페,3
독서실,3
오빠,3
극히,3
천상,3
기별,3
이어폰,3
충만,3
웍스,3
치구,3
삼청,3
태이블,3
인대,3
노인,3
친지,3
손색,3
지배인,3
초코파이,3
간지,3
먄,3
장판,3
각기,3
궂,3
글자,3
탐방,3
앞발,3
비릿내,3
소맥,3
가츠샌드,3
틴,3
거임,3
지장,3
못내,3
넓적다리,3
링거,3
장시간,3
컷팅,3
출입문,3
멘타,3
광해,3
선사,3
슴슴한데,3
중인,3
똠양,3
이상일,3
돈까쓰,3
무진장,3
김씨,3
두부김치,3
아래쪽,3
시간제,3
걸이,3
른,3
아가씨,3
이징,3
낮술,3
의지,3
치명,3
단어,3
교수,3
스임,3
분유,3
슈니첼,3
미스,3
장미,3
미적,3
가봣는데,3
고등학교,3
얘길,3
변형,3
쯔케멘,3
야시,3
흠뻑,3
일본사람,3
고혈압,3
사천,3
물수건,3
스토어,3
최고다,3
세도,3
크레마,3
타임스퀘어,3
지배,3
차집,3
기선,3
페페,3
금고,3
쫄깃했다,3
에스카르고,3
오잉,3
작렬,3
작동,3
색소,3
크레이프,3
노멀,3
시티,3
브릭,3
갓파더,3
실장,3
홈페이지,3
열정,3
정류장,3
버라이어티,3
쫄깃쫄,3
낙원,3
홀릭,3
개수,3
댓,3
저장,3
구태여,3
차감,3
절때,3
모로코,3
파네,3
차려,3
퀴노아,3
스프레드,3
박자,3
부지,3
레트,3
스크램블,3
폭염,3
보상,3
구두,3
진미,3
셀렉,3
훌쩍,3
알레르기,3
쟈니,3
지해,3
마르고,3
장아찌,3
홍두깨,3
꼬릿,3
돌잔치,3
무쇠,3
듬북,3
우기,3
고도,3
뭔들,3
라운지,3
능이버섯,3
전환,3
옥수,3
옥돔,3
통영,3
거절,3
만취,3
뭉텅,3
툴툴,3
장난감,3
화곡,3
이사오,3
날개,3
하얀색,3
뿌,3
강서,3
재고,3
컨트롤,3
국자,3
맙시,3
외국산,3
큐알,3
안양,3
다비,3
돗,3
벨소리,3
뒤끝,3
슬하,3
숏,3
독,3
요하,3
칩스,3
불닭,3
무우,3
버무린,3
짯어,3
파주,3
가가,3
도해,3
흑설탕,3
마구로,3
목이버섯,3
이군,3
품종,3
삽겹,3
기표,3
놋그릇,3
형,3
여유도,3
이차,3
인쇄,3
축제,3
맥스,3
기록,3
깃국,3
없슴,3
갱,3
보로,3
소프트,3
날로,3
소로,3
겨울철,3
조리퐁,3
도시,3
커피집,3
바깥쪽,3
가마니,3
기두,3
슬리퍼,3
풀기,3
양푼,3
서울역,3
중구,3
맜있어,3
무더위,3
육계장,3
만요,3
바램,3
복음,3
쩐내,3
면박,3
동북,3
선방,3
사태,3
키스,3
사보텐,3
제도,3
다수,3
허영만,3
식객,3
블루리본,3
세느,3
반년,3
꽁치,3
휴게소,3
엄두,3
슴슴합,3
러시아,3
케일,3
며,3
칠리소스,3
요약,3
오뚜기,3
명란젓,3
수교,3
화차,3
오거,3
원인,3
남대문시장,3
신천,3
비례,3
왜냐면,3
염려,3
한글,3
떡보,3
인구,3
만만,3
롤케이크,3
스카이,3
더더,3
느무,3
제지,3
얘,3
매년,3
안드,3
자신감,3
체온,3
영양,3
프로그램,3
소요,3
핸폰,3
엘베,3
방기,3
명령,3
간직,3
빈자리,3
관건,3
극치,3
피해자,3
무취,3
퀘퀘,3
추출,3
페북,3
타치,3
틈,3
에디오피아,3
실물,3
안목,3
영국,3
설계,3
버너,3
수세미,3
알루미늄,3
넓이,3
고정,3
탕집,3
총괄,3
상봉,3
시추,3
표면,3
쪼가리,3
권장,3
나방,3
우후죽순,3
미처,3
포비,3
지붕,3
라테,3
메종엠오,3
카스,3
파란,3
애피타이저,3
버티고,3
밀전,3
하층,3
고봉,3
환경호르몬,3
지라,3
홍제동,3
담번,3
한소리,3
먹거리,3
순희,3
떡뽁기,3
허파,3
부리고,3
여수,3
양보,3
보나,3
블렌드,3
트레이드마크,3
쪽파,3
버터빵,3
가소성,3
삼거리,3
느므느므,3
세라,3
신의,3
장가,3
아기자기,3
하의,3
스몰,3
디피,3
서너,3
예방,3
난이도,3
마주,3
즙,3
미만,3
중단,3
해질녘,3
후지,3
확보,3
대면,3
서요,3
종각,3
방울토마토,3
뿌팟퐁,3
동물,3
케냐,3
며칠,3
미덕,3
갈리,3
낫뱃,3
금문,3
감사,3
미원,3
체어,3
신용카드,3
낙곱새,3
어깨,3
프,3
브라더스,3
코스터,3
선릉,3
재질,3
법도,3
스리,3
복잡,3
상의,3
못난이,3
헬임,3
지진,3
특제,3
캔디,3
어색,3
카츠동,3
이아,3
쿠차,3
궁물,3
팝송,3
로스트비프,3
양옆,3
프로젝트,3
봉봉,3
맛음,3
상주,3
디스플레이,3
익숙,3
맛운,3
미착,3
유튜,3
버들,3
파파야,3
도깨비,3
파킹,3
신분증,3
핵노맛,3
땡,3
이치,3
씨유,3
노무,3
빙의,3
믿음,3
뒷쪽,3
슬링,3
살림,3
국룰,3
퀘사,3
한겨울,3
수산시장,3
사기,3
취저,3
토핑된,3
비텐,3
서든,3
미쯔,3
간나,3
함경도,3
옥류관,3
스페,3
치면,3
빨래,3
코리아,3
예고,3
행동,3
오레,3
전제,3
리조토,3
바치,3
라무,3
노답,3
스테이,3
시계,3
쥬시,3
명인,3
골든,3
더덕,3
여섯시,3
세입,3
장작,3
블라썸,3
소보로빵,3
약밥,3
라피,3
드심,3
쵸코,3
푸팟,3
산더미,3
대중성,3
머스타드,3
인력,3
치킨윙,3
폭신,3
브라질,3
별곡,3
기석,3
개털,3
요량,3
꼬들살,3
떫은맛,3
알콜,3
세면대,3
조기,3
기재,3
벗,3
화이팅,3
테린,3
피크타임,3
공릉동,3
주제,3
혜택,3
불광천,3
정정,3
보신탕,3
씨끄럽,3
수산,3
숙주나물,3
희생,3
파악,3
매실,3
의무,3
찻집,3
짠지,3
시집,3
측정,3
을해,3
걸레질,3
아래층,3
젠틀,3
만사천원,3
하이디,3
모찌,3
이듭,3
걸음,3
서초구,3
서초동,3
터미널,3
잣,3
일절,3
은평,3
보더,3
단둘,3
통틀어,3
우왕좌왕,3
소환,3
하여튼,3
원일,3
라즈,3
협회,3
페셔널,3
명정,3
쥐똥,3
강원도,3
페투치네,3
서호,3
이국,3
엘,3
스티,3
쫀듯,3
일렬,3
수치,3
옆쪽,3
소녀,3
상과,3
스낵,3
다양성,3
영자,3
성수역,3
탭,3
마장동,3
중동,3
곤충,3
머그잔,3
필리핀,3
로비,3
밀국수,3
형제,3
연대,3
어리둥절,3
그대,3
트랜디,3
디어,3
마고,3
진상,3
체격,3
팝콘,3
카눌레,3
피넛,3
월드,3
호수,3
솔티드,3
순쫄,3
존내,3
쇼파,3
절편,3
스탭,3
모양새,3
장작구이,3
양평동,3
가수,3
법인,3
신기하,3
퀴즈,3
범위,3
마산,3
웻,3
까르니따스,3
이태원역,3
정엽,3
한강진역,3
온두라스,3
북유럽,3
삼각지,3
리예,3
매형,2
홀로,2
산책로,2
산라탕,2
목록,2
신선설렁탕,2
암소,2
햐,2
남장,2
안팔,2
열댓,2
전복죽,2
소대,2
주목,2
차이나타운,2
탈때,2
핀잔,2
속풀이,2
물감,2
방학천,2
방학동,2
아지,2
뒤쪽,2
처가,2
블러드,2
델,2
이스트,2
쌍문,2
관광,2
주간,2
남원,2
주식,2
미꾸라지,2
덕인,2
사이코,2
레나,2
흙,2
마카로니,2
희귀,2
용해,2
최저임금,2
핑계,2
별식,2
사채,2
공복,2
용두동,2
부속고,2
특사,2
상쇄할,2
가젤,2
보광동,2
청량리,2
갖은,2
신설,2
단축,2
시피,2
모자라,2
퀄리티임,2
망신,2
만찬,2
하이쿠,2
완벽,2
괜찬구,2
장안동,2
머금,2
문해,2
개지,2
역쉬,2
오래됨,2
닥따닥,2
덩치,2
어쩌면,2
시비,2
역효과,2
밥약,2
전해,2
부리,2
마시멜로,2
뒤죽박죽,2
유투,2
양임,2
녹차아이스크림,2
심야식당,2
외대,2
죽밥,2
과기대,2
트러블,2
콜,2
난감,2
답글,2
재개발,2
기껏,2
오금,2
동대문구,2
관,2
후문,2
대조,2
빼곡,2
자도,2
도미,2
농어,2
배꼽,2
모리아,2
투명인간,2
세시,2
스트,2
꽃들이,2
익,2
리트,2
그랫,2
예나,2
닥터,2
로빈,2
택배,2
부심,2
웃기,2
제적,2
엊그제,2
끝물,2
넘침,2
매점,2
피드백,2
데친,2
뭉글,2
베트남인,2
줄기,2
코돈,2
습기,2
만주,2
라이즈,2
척척,2
용한,2
풍취,2
이력,2
타협,2
통찜,2
기안,2
회양,2
괘,2
칭다오,2
무마,2
숭실대,2
참여,2
정신사,2
실행,2
텁텁한맛,2
여름철,2
퀘,2
절미,2
앙버떡,2
떡케이크,2
구사,2
카롱,2
과자류,2
개장,2
장블,2
전세,2
빠다,2
오백원,2
육천원,2
불족,2
흡수,2
가조,2
똥망,2
유일,2
찌릿,2
기여,2
가재,2
괴안음,2
쟈,2
오즈,2
늬낌,2
모서리,2
린데,2
개똥임,2
이변,2
지단,2
장제,2
우리말,2
중시,2
논리,2
여명,2
첫날,2
낱개,2
위스키,2
쿨,2
대야,2
국집,2
정성껏,2
시정,2
시지,2
말랑쫄깃,2
빼주,2
모르겄다,2
송이버섯,2
스터디,2
도토리묵,2
기약,2
청계산,2
정해,2
푸주,2
초코렛,2
갈레,2
박물관,2
생색,2
금천,2
다주,2
동창회,2
신림동,2
백미,2
유튜버,2
직관,2
신관,2
구름,2
어째,2
쪼꿈,2
몰리나,2
대상,2
박준형,2
맛잇엇어,2
생삽겹살,2
셋팅,2
나나,2
아리차,2
샤오롱빠오,2
한결,2
바임,2
샤로수,2
눈길,2
괞,2
어쩐지,2
오드,2
특미,2
우스,2
팅시,2
쓱쓱,2
우랑,2
재사용,2
먹이,2
창틀,2
쌩뚱맞,2
감히,2
동창,2
온전,2
울안,2
부인,2
커튼,2
사만원,2
현,2
나뚜루,2
죄책감,2
후렌치후,2
훔,2
스킨,2
매트,2
죽겠네,2
장칼,2
방송출연,2
뮤직,2
대루,2
코스트코,2
레만,2
이질,2
유보,2
티팟,2
투게더,2
깜파뉴,2
감빠뉴,2
붐,2
혁신,2
마가린,2
치케,2
샵,2
터트려,2
정숙,2
앤머치,2
요런,2
이나고,2
요구르트,2
괜춘합,2
일손,2
로향,2
드라이브스루,2
차선,2
과함,2
타진,2
컨베이어,2
벨트,2
푸실리,2
고랑,2
후광,2
하드캐리,2
가장자리,2
기색,2
신청,2
노굿,2
쿠니,2
닭뼈,2
잔반,2
전화번호,2
중박,2
효모,2
폴리,2
곰돌이,2
아이스박스,2
쿠앤크,2
푼때,2
호객,2
복분자,2
우소,2
타코야끼,2
개꿀맛,2
양인,2
프렌치프라이,2
씨리얼,2
시리얼,2
낙엽,2
피크닉,2
새록새록,2
아바,2
윘,2
뼛국,2
이로,2
히비스커스,2
나리,2
뭥미,2
나마,2
합계,2
밥그릇,2
찻잔,2
창파,2
공수,2
토도,2
텐션,2
복층,2
정색,2
외근,2
표지판,2
훠거,2
지침,2
냉국,2
나뿌,2
지출,2
존대,2
한양대,2
성능,2
투뿔,2
센티,2
언니,2
라카,2
무가당,2
현미,2
풍부,2
고대로,2
랏,2
도의,2
낙,2
젋,2
분발,2
화장,2
갈비뼈,2
심야,2
올드해,2
수유역,2
스팸,2
엄지,2
왕왕,2
내의,2
붕붕,2
드라이빙,2
스루,2
쿠팡,2
경로,2
장마철,2
괜찬은듯,2
쭈삼,2
사철탕,2
화사,2
우이,2
쭈욱,2
발라드,2
짜파게티,2
치즈떡볶이,2
평일도,2
물걸레,2
갈고,2
잔돈,2
뽀모,2
마셈,2
커뮤니케이션,2
요다음,2
하산,2
수유,2
비씨,2
중순,2
공구,2
가리봉,2
모히또,2
증거,2
탱탱,2
쫄았,2
넙,2
줄줄이,2
테스트,2
삽겹살,2
결재,2
전역,2
배치도,2
고전,2
놀이터,2
댄스,2
타월,2
곤란,2
김영철,2
개량,2
밋밋,2
우측,2
지미,2
졋,2
약제,2
괜춘괜춘,2
노루,2
라코타,2
데카,2
생물,2
일곱시,2
개요,2
하나비,2
문신,2
긴머리,2
콩탕,2
참조,2
지존,2
에어로,2
보슬보슬,2
떡복,2
쵸,2
음가,2
닭죽,2
신호,2
중학생,2
무효,2
차맛,2
글세,2
롤링,2
노소,2
만팔천원,2
성업,2
성내동,2
모시조개,2
죽도,2
한스,2
저만큼,2
앉은뱅이,2
감파뉴,2
월화,2
하달,2
복림,2
사가,2
뱀,2
더맵,2
쪼끔,2
책임,2
다한,2
고등,2
생으로,2
춘해,2
기니,2
바인,2
맛살,2
신토,2
광주,2
사전예약,2
애프터눈티,2
상식,2
킥,2
빽빽,2
데자뷰,2
독자,2
떰,2
싱가폴,2
토핑들,2
타이거,2
브금,2
쫄쫄,2
개불,2
성적,2
라텍스,2
발암,2
맞춤,2
파워,2
깜빠,2
옆면,2
앞팀,2
카드리더기,2
고대,2
서북,2
토끼,2
안전,2
웬만큼,2
주도,2
면양,2
푸딘코,2
양다리,2
겉옷,2
고사하고,2
의사소통,2
재채기,2
구의동,2
먹방,2
과제,2
장염,2
최종,2
모리,2
차우,2
어감,2
갠차늠,2
검사,2
집단,2
공식,2
단말,2
바고,2
보험,2
검은색,2
부류,2
자존감,2
존중,2
광진구,2
장인정신,2
쩐맛,2
어엄청,2
갤러리아,2
던킨,2
로즈마리,2
상처,2
파의,2
면수,2
수기,2
삼성역,2
자릿세,2
블라인드,2
장국도,2
줄곧,2
말임,2
길목,2
장보,2
놀란,2
피터루거,2
일로,2
유리잔,2
고물,2
필요성,2
드삼,2
사지,2
텁텁해,2
샌디,2
추석,2
이시이,2
얼갑,2
후배,2
이또,2
보슬,2
탁월,2
의상,2
미당,2
조랭,2
하급,2
헤키,2
음청,2
지하실,2
광장,2
시유,2
캐비어,2
리즈,2
절감,2
샥슈카,2
여서,2
배부,2
오르막,2
짝퉁,2
이마,2
플렛,2
천정,2
절충,2
명맥,2
패쓰,2
지모,2
빅토리아,2
빼빼로,2
그룹,2
에너지,2
변질,2
별일,2
역전,2
교훈,2
몸서리,2
네스퀵,2
매하,2
복수,2
수산물,2
페루,2
어도,2
돈독,2
레토르트,2
통보,2
미치나,2
로예,2
파향,2
구을때,2
전담,2
전인,2
맛점,2
빌라,2
차림새,2
결혼식장,2
스폐셜,2
줄섬,2
붕장어,2
핑,2
유학,2
가복,2
로데오,2
우지,2
하이엔드,2
확연,2
계정,2
대거,2
바이럴,2
매뉴얼,2
핵존맛,2
메스,2
논현역,2
배불,2
생수,2
비산,2
여고생,2
보가,2
반장,2
분당,2
키세,2
데스,2
애티튜드,2
대반,2
특양밥,2
즉떡맛,2
시급,2
퇴,2
비후,2
부작용,2
애비,2
겹겹이,2
송,2
텍스쳐,2
다이야,2
부카케,2
도입,2
소주잔,2
즣음,2
목격,2
마진,2
노맛임,2
퓨젼,2
마녀,2
조건,2
야쿠르트,2
망은,2
거마,2
자스민,2
우롱차,2
히터,2
대관,2
스커트,2
시스,2
자발,2
내포,2
옛말,2
라마르,2
슴슴해,2
정인,2
많넹,2
올드함,2
카페모카,2
엔젤,2
생갈,2
여심,2
따닥,2
손절,2
반정식,2
제나,2
아치,2
순차,2
타레,2
울트라,2
슬러시,2
러신,2
도날드,2
사천요리,2
마라상궈,2
룸식,2
기욤,2
페트,2
맛있엇어,2
부관,2
팝음악,2
어필,2
스완,2
검진,2
거듭,2
들보,2
등지,2
버금,2
행온,2
우마미,2
경상도,2
한라산,2
우전,2
밀라노,2
치노,2
초등,2
랑구스틴,2
마얘,2
생애,2
푸아그라,2
듀,2
경험치,2
쑥맛,2
복빙,2
세부,2
꼬릿꼬릿,2
구영,2
괘안,2
티남,2
똥집,2
황제,2
깡통,2
메모,2
우주,2
마켓,2
슈퍼카,2
주님,2
귀요미,2
심방,2
뉴요커,2
쩜,2
분보,2
배식,2
움직,2
신사역,2
안성맞춤,2
치폴레,2
춘권,2
도록,2
엇음,2
찰나,2
기계면,2
알도,2
대왕오징어,2
무지개,2
딥,2
일괄,2
빵류,2
심장,2
오심,2
녹색,2
재첩국,2
재첩,2
산토리,2
컬러,2
엘리게이,2
인디언,2
부림,2
퍼스트,2
역삼동,2
모음,2
쿵푸,2
틱틱댐,2
능라도,2
외가,2
성과,2
스톡,2
헬적화,2
완료,2
퍽퍽해짐,2
족하,2
크라제버거,2
쉐,2
스모크,2
기하,2
발상,2
열차,2
범행,2
벽면,2
롱포,2
간섭,2
가래침,2
하내,2
전자렌지,2
우릴,2
오류동,2
구이만,2
감치,2
조화로,2
탁탁,2
허락,2
예측,2
구로동,2
영광,2
케챱,2
백,2
톡,2
쏜다,2
이춘복,2
인천,2
왓는데,2
비대,2
빈번,2
변기,2
정성은,2
라떼아트,2
간정,2
테그,2
교동,2
블러,2
수용,2
미심,2
삿뽀로,2
듬쁙,2
이슈,2
저급,2
수면,2
어치,2
어거스틴,2
최저,2
초보,2
고스,2
온건,2
달뒤,2
장어구이,2
휘핑크림,2
갈릴리,2
제어,2
일분,2
일전,2
외곽,2
나초,2
공항,2
집사람,2
김진환,2
기쁨,2
진보면,2
수만,2
렷,2
난무,2
차마,2
벙,2
만두소,2
삼고,2
오이지,2
라오,2
당류,2
사냥,2
살수,2
내쉬빌,2
엇발,2
자이온,2
음량,2
벌집,2
산나물,2
핏기,2
지연,2
사바,2
냉포,2
리본,2
로나,2
사누키,2
드릴,2
벤치,2
아리,2
동쪽,2
얼얼,2
모모,2
채도,2
컵케익,2
밥풀,2
무방,2
반납,2
번인,2
염소,2
숩,2
톰양꿍,2
아하,2
화풍,2
품위,2
완죤,2
대량,2
우대,2
꽃목살,2
유난,2
연륜,2
재벌,2
군중심리,2
밍숭,2
셀럽,2
눈쌀,2
통행,2
을미,2
공중,2
서울식,2
명품,2
등재,2
전자,2
후자,2
기와집,2
신식,2
둘레,2
백배,2
경영,2
빨강,2
모나,2
황도,2
일명,2
격인,2
만선,2
촛불,2
숲속,2
콩물,2
노후,2
손잡이,2
테이프,2
혼잡,2
엔틱,2
목재,2
재량,2
흰자,2
빈정,2
파맛,2
우왕,2
청출어람,2
평랭,2
단보,2
는가,2
첫째,2
어가,2
정의,2
방황,2
세운상가,2
서거,2
존잘,2
발코니,2
다나,2
므,2
힝,2
은하,2
묵고,2
재주,2
표본,2
미학,2
월간,2
파로,2
본의,2
안착,2
관리자,2
몽로,2
타의,2
박찬일,2
어택,2
시레기,2
스퇄,2
앤티크,2
자개,2
혜민서,2
렵,2
진수,2
대사관,2
요릿집,2
파리채,2
기요,2
연주,2
취해,2
무거,2
리스크,2
패키지,2
뻘쭘,2
부루,2
등장,2
회장,2
후진,2
초과,2
모험,2
주더,2
구체,2
제빵,2
퀸즈,2
이별,2
장도,2
이윤,2
풋,2
재난,2
고속도로,2
실종,2
자꾸만,2
타일,2
애벌레,2
옥천,2
단돈,2
상인,2
온기,2
마쉐린,2
쫄아,2
샤슬릭,2
추탕,2
개개인,2
심정,2
라쟈,2
시간표,2
역작,2
약수역,2
청구역,2
사뭇,2
거여,2
번쩍,2
향가,2
나폴레옹,2
지킴,2
동경,2
청키,2
텐진,2
몆번,2
라시,2
버즈,2
연장,2
부띠,2
층뷰,2
야간,2
답십리,2
평안도,2
베인,2
짱짱맨,2
잡탕,2
유자청,2
곤약,2
존예,2
이화여고,2
글로리,2
죄인,2
용지,2
가뜩이나,2
토렴식,2
아함,2
부러,2
여름밤,2
점내,2
셜,2
루하시,2
캐나다,2
동문,2
니드,2
맛맛,2
시저,2
유입,2
황학동,2
코시,2
허름해,2
살포시,2
작정,2
면관,2
취식,2
보충,2
편문,2
병어,2
안계,2
철철,2
엽떡,2
엽기,2
달리기,2
배지,2
시조새,2
글쌔,2
타피오카,2
뉘앙스,2
가옥,2
아그라,2
뭉근,2
자석,2
샤오룽,2
보샤,2
타이완,2
브루스리,2
마카오,2
질금,2
패드,2
프라자,2
충무로,2
립스틱,2
오뗄두스,2
짐작,2
상반,2
바베큐치킨,2
기교,2
입성,2
빕스,2
콩가,2
관계자,2
날바날,2
적격,2
가락국수,2
투하,2
산동,2
아차,2
삼계,2
찍찍,2
반값,2
수원,2
래미,2
주체,2
주인공,2
무덤,2
허수아비,2
소고,2
시세,2
우성,2
키치,2
루스,2
경의,2
오르다,2
점차,2
뢰스,2
단백질,2
불광동,2
발품,2
킬링,2
사가정,2
구획,2
짜파구리,2
민물고기,2
쩌렁쩌렁,2
상봉역,2
민가,2
반토막,2
비닐봉지,2
밥일,2
딸내미,2
출몰,2
빛바랜,2
웠,2
스케일,2
해치,2
좋아욤,2
로크,2
마담,2
고간,2
팔로우,2
번의,2
다지,2
본전,2
신축,2
한층,2
존경,2
송옥,2
놋뱃,2
미진,2
청수,2
의치,2
북악,2
데시벨,2
모처럼,2
겸사,2
제인,2
선풍기,2
상세,2
자유도,2
메아리,2
친철해,2
월드컵,2
인파,2
여파,2
웰컴,2
쪈득,2
국가대표,2
감태,2
생가,2
생선전,2
매니,2
옥집,2
격동,2
가로,2
팔팔,2
쓱,2
홍탁,2
죄,2
마술,2
묵음,2
계림,2
사운드,2
강호,2
은박,2
그닥임,2
전경,2
자하,2
마차,2
벌교,2
피조개,2
간편,2
식신로드,2
취한,2
나유,2
당뇨,2
레이어,2
통합,2
혜화역,2
졸업,2
촠촠,2
거치,2
이린,2
고시히카리,2
튀랑,2
안국,2
조안,2
전철역,2
벚꽃,2
체다,2
투샷,2
디폴트,2
난도,2
스레,2
오복,2
인장,2
중지,2
혜,2
숟,2
도토리,2
메위,2
잠발라야,2
릴리,2
메카,2
친환경,2
뒤편,2
예상외,2
의기,2
덜얼,2
화난,2
건성건성,2
신입생,2
선배,2
청량감,2
나왓,2
낙후,2
마나,2
감상,2
좋겠슴,2
딸빙,2
낯술,2
닼,2
느글,2
유니폼,2
버터치킨,2
일드,2
감고,2
고욤,2
상술,2
술병,2
식기구,2
물량,2
대추차,2
집안,2
였슴다,2
함유,2
차편,2
청도,2
조마조마,2
차이나,2
국믈,2
뚜짝,2
다채롭,2
전시회,2
인편,2
기엽다,2
카맵,2
정은,2
문재인,2
초보자,2
소량,2
텁텁하,2
투쁠,2
그레이,2
혜화동,2
용돈,2
컬,2
아카이브,2
마력,2
윈터,2
귤,2
분할,2
덕이,2
자릿값,2
어투,2
눈빛,2
렛,2
가체,2
과잉,2
붓,2
교과서,2
갈망,2
큰길,2
멋쟁이,2
슈바,2
오리가,2
끄덕,2
정수,2
게스트,2
전문성,2
화단,2
음식사진,2
랍시고,2
뿔었,2
친회,2
책방,2
볼겸,2
반전,2
메일,2
신전,2
위인,2
불안,2
간과,2
카르,2
올리브오일,2
파프리카,2
새마을,2
돌솥,2
레모네이드,2
메임,2
봉추,2
보랏빛,2
진옥,2
소우,2
방향성,2
제목,2
순례,2
차오,2
서대문역,2
산만,2
절레절레,2
조화로움,2
가마솥,2
벌이,2
초당,2
둣,2
손목,2
애호가,2
쏠쏠,2
지못미,2
생뚱맞,2
레호이,2
으리,2
돈테키,2
생김새,2
어두컴컴,2
빔,2
귀신,2
포스터,2
기린,2
반절,2
쥬,2
우산,2
매달,2
테두리,2
호평,2
쫀쫀하,2
경악,2
금치,2
프라이어,2
사려,2
테리어,2
식물성,2
구심,2
월욜,2
더라면,2
솜땀,2
미지수,2
건아,2
군데군데,2
손소독제,2
읭,2
존나,2
본분,2
숭늉,2
사천원,2
존맛임,2
시구,2
미쉘,2
뿌팟,2
이음,2
돈까츠,2
합치,2
무언,2
잠,2
롭,2
소세키,2
윤석,2
꼭지,2
회원,2
멤버,2
낫토,2
로주,2
엄,2
타코벨,2
대방,2
또떡,2
은진,2
동굴,2
업로드,2
정치가,2
귀걸이,2
교점,2
정호영,2
범주,2
면소,2
포스팅,2
모의,2
칭,2
대명사,2
점줌,2
윤종철,2
복병,2
봉사,2
원랜,2
이세,2
더욱더,2
소장,2
격상,2
편견,2
노랑,2
쩌구,2
금욜,2
풍만,2
젤루,2
두통,2
도톰,2
마부,2
송파구,2
스티커,2
수습,2
구도,2
소인,2
필름,2
세면,2
솔솔,2
빵피,2
트럴,2
드래곤,2
찌린내,2
로터리,2
급속도,2
재차,2
의식,2
장례식,2
토란,2
더맛,2
징기스칸,2
지하공간,2
연변,2
적진,2
오르조,2
발리,2
그래듀,2
리믹스,2
네온사인,2
칠천원,2
폐,2
세영,2
훤히,2
마포역,2
단디,2
야키토리,2
면적,2
숙란,2
라거,2
저음,2
거격,2
속세,2
무도,2
수동,2
볼걸,2
탕종,2
발린,2
확실,2
돔,2
로스트,2
힙스터,2
코스트,2
자가,2
승자,2
발음,2
밀고,2
줄때,2
소보,2
보루,2
선생님,2
항시,2
바나나라떼,2
임펙트,2
보유,2
노트,2
일치,2
붕,2
갈빗대,2
컨데,2
숲길,2
팟퐁,2
있드,2
이주,2
퇴식,2
널리,2
부라타,2
쌤,2
우롱,2
끌함,2
점준,2
살로,2
고형,2
맥힘,2
차빼,2
만인,2
쇼유라멘,2
벨루,2
주년,2
군대,2
소태,2
웃,2
간김,2
탄지,2
텁텁함,2
롱런,2
겁,2
흐믈,2
라오스,2
무늬,2
게이샤,2
명당,2
꼬숩,2
엘피,2
눌려,2
기능,2
피아노,2
피드,2
당인,2
기리,2
구현,2
태운,2
타르소스,2
짯음,2
얼추,2
왓,2
느릿느릿,2
배관,2
김낙,2
스콤,2
빼기,2
읺,2
헤이즐넛,2
카르파초,2
미역냉국,2
총각김치,2
전식,2
바글,2
노원역,2
웅장,2
그루,2
몽환,2
러스크,2
예산,2
직함,2
프림,2
후리,2
외적인,2
헛탕,2
같아욤,2
액체,2
닭개장,2
노릇,2
틱틱,2
포스트,2
창쌀,2
여대생,2
구려,2
짚신,2
청소년,2
상계동,2
콜롬비아,2
반지하,2
술잔,2
김연아,2
대나무,2
갈바,2
일등,2
팔각향,2
투데이,2
술판,2
극단,2
선생,2
실용,2
청진동,2
만이천원,2
오케,2
간친,2
크러쉬,2
디시,2
짠슬,2
더줌,2
웅웅,2
브릴레,2
방직,2
날때,2
어탕,2
소울,2
인척,2
풀림,2
너프,2
대기실,2
가관,2
츄러스,2
김영모,2
성곽,2
당초,2
조미,2
초저녁,2
뜬금,2
정릉,2
조예,2
제빵사,2
청양,2
간접,2
댕기,2
만쥬,2
뽀또,2
머드,2
고기구이,2
벅,2
심지,2
수정과,2
안암,2
냉칼국수,2
키키,2
화분,2
나쵸,2
격,2
현저,2
지면,2
무인기,2
능데,2
손해,2
워너,2
에리,2
히쯔,2
횡단보도,2
살사,2
화욜,2
완제,2
투리,2
케첩,2
저쪽,2
짝,2
가인,2
감염,2
태일,2
양재천,2
타마고야키,2
이유식,2
끈덕,2
공함,2
삼성동,2
버르,2
발동,2
대변,2
굴국밥,2
저그,2
위트,2
연합,2
안햇,2
갠찮,2
낮맥,2
페일에일,2
프라임,2
서리,2
정류,2
세꼬시,2
넹,2
일쑤,2
대추,2
펜네,2
쿠로,2
양재역,2
뜰,2
바랬는데,2
버터핑거,2
음식재료,2
쉪,2
피단,2
오우,2
그레이드,2
썸머,2
우작,2
먹듯,2
이인,2
샤벳,2
재래시장,2
들락,2
십대,2
알럽,2
성지순례,2
타로,2
안강,2
집맛,2
뙇,2
에디,2
알갱이,2
술맛,2
애플파이,2
군산,2
부가세,2
뚝섬역,2
욕구,2
대정,2
방바닥,2
도태,2
미려,2
부재,2
합성,2
종잇장,2
간조,2
절도,2
삘,2
미술,2
원목,2
트러스,2
디톡스,2
주소,2
긍정,2
창작,2
아쌈,2
카멜,2
칠,2
콘반,2
얼음장,2
강화,2
왕십리역,2
부공,2
맛날,2
참새,2
베니,2
딕트,2
오설록,2
대림,2
식용,2
버터크림,2
붕어,2
땡볕,2
안치,2
설렁,2
엎,2
커트,2
비거,2
일위,2
꽃살,2
대우,2
맥주잔,2
건조,2
난바,2
눌레,2
조개류,2
한수,2
칠리치,2
속편,2
극한,2
수완,2
전자레인지,2
쑥떡,2
서방,2
분전,2
기용,2
장발장,2
충정로,2
스모,2
차후,2
스마,2
서대문구,2
앞서,2
휴대폰,2
가타,2
실감,2
책보,2
계보,2
비쨔,2
상당,2
마리네이드,2
밀탑,2
포레스트,2
닥치고,2
허름한곳,2
벌꿀,2
괜찬음,2
장호,2
교카이,2
숙명,2
만두라,2
청정,2
대폭,2
연어구이,2
관성,2
감회,2
단호박파이,2
소르베,2
투성이,2
장면,2
민물장어,2
지안,2
벨기에,2
뜨르들,2
위안,2
올림픽,2
데일,2
굴젓,2
해외,2
격차,2
가락동,2
괜츈함,2
성용,2
악평,2
생선회,2
여하튼,2
가토,2
화통,2
청화,2
바칼라,2
넋,2
글러브,2
쫄깃했어,2
정선,2
프리터,2
점성,2
어쩜,2
온통,2
석촌,2
앙꼬,2
파티션,2
가용,2
진주냉면,2
폭찹,2
해바라기씨,2
계심,2
힌트,2
민속,2
주막,2
페이스,2
라스,2
익스,2
무장,2
라벨,2
방침,2
수령,2
데이,2
잎,2
마눌,2
설문조사,2
첫사랑,2
드업,2
찜집,2
이내,2
여운,2
햅번,2
아이템,2
원대,2
합당,2
회로,2
사이트,2
고기파이,2
팔면,2
당산,2
한우국밥,2
만일,2
개그맨,2
가자미,2
범산,2
목장,2
유재석,2
생토노레,2
적함,2
서궁,2
월세,2
전채,2
소린,2
경쟁률,2
활동,2
영감,2
에센셜,2
신풍역,2
미군,2
핏자헛,2
카르파치오,2
숙대,2
미트파이,2
챔프,2
라쿠치,2
호밀,2
강정,2
계산서,2
돈잔,2
용산역,2
매운정도,2
물음,2
이어선,2
젤맛,2
자네,2
몽탄,2
기번,2
팝오버,2
로메,2
버프,2
얌운센,2
낙하산,2
옻칠,2
이태,2
꼴레뇨,2
우씨,2
목화,2
요르단,2
웰링턴,2
타자,2
트뤼플,2
껄쩍,1
후방,1
포부,1
투자가,1
반샷,1
힐링캠프,1
예뻣음,1
쨔,1
감미,1
느꼇,1
창동역,1
뽀끔밥,1
우국생,1
똬악,1
착시,1
젼복,1
오징어짬뽕,1
신진,1
리알,1
방학,1
비좀,1
메리,1
켓,1
도봉동,1
우의,1
햐주셔,1
산장,1
재치,1
제다이,1
일루,1
뚱보냉,1
뚱보,1
숭텅숭텅,1
방길,1
생일상,1
액자,1
그녀,1
점화,1
안잗으셔,1
총알,1
꼬시,1
드닙다,1
비빠,1
해삼이,1
변햇,1
받는둥,1
공무원,1
경고,1
과태,1
진꽃살,1
려니,1
곡예,1
괸찬아염,1
대회,1
마리나,1
주노,1
쭈꾸집,1
머릿수,1
쪼리,1
소울푸드,1
전전,1
김돈,1
루이지,1
운지,1
마포로,1
어버이날,1
얼핏보,1
제기,1
마한,1
꼬순내,1
두부덮밥,1
희소,1
다래,1
향함,1
신설동역,1
오거리,1
얼핏본,1
닭칼,1
다짜고짜,1
고기떡,1
복기,1
닭보,1
걸목,1
텁텁했다,1
매화수,1
누룩,1
동점,1
데리야키,1
쟈스민,1
필히,1
떨어졋음,1
깃내,1
장지,1
스폰지,1
알라딘,1
슈프림,1
어린이날,1
드릅,1
신락,1
갖,1
역정,1
간자,1
한자,1
휘경동,1
발원,1
회기동,1
황하,1
비조,1
생존,1
집일,1
이설,1
떵,1
마싰,1
을때,1
진밥촛물,1
자양시,1
맛잇엇,1
엄처어엉,1
불퉁,1
순다,1
댕겨,1
침대,1
매라,1
고래,1
하이라이스,1
조잡,1
새끼,1
비임,1
쇼가야키,1
바크,1
할머님,1
장본인,1
어처구니,1
삼동,1
시기동,1
자갈,1
쇼핑몰,1
조영환,1
대양,1
컵밥집,1
작살,1
착오,1
소림사,1
뻐,1
코스프레,1
알밤,1
특뱔할것,1
자각,1
휘핑한것,1
크라상,1
뱅크,1
창업,1
재수,1
안내서,1
질때,1
미묘,1
실리콘,1
필라테스,1
지라시,1
진실,1
엔트리,1
페더급,1
대방역,1
급상승,1
사당동,1
황량,1
숙변,1
트레이드,1
하졍,1
골도,1
반나절,1
닝닝함,1
훼,1
시궁창,1
고조,1
거르시,1
여드름,1
김종,1
새우깡,1
증폭,1
타령,1
후유,1
튭,1
고시,1
가죽,1
내세,1
할런,1
멍하니,1
쇠맛남,1
선유도,1
뚜스뚜스,1
상도역,1
오지랖,1
먹을껑,1
균일,1
베뤼,1
테크,1
사기꾼,1
장의,1
패권,1
투쟁,1
현실,1
동지,1
예서,1
떫떠름함,1
제빙,1
대장균,1
득시,1
원어민,1
샘,1
여윾시,1
유툽,1
주어,1
반듯이,1
기릉기,1
실명,1
물낼,1
무용,1
아카데미,1
날라갈뽄,1
설기,1
뉴코아,1
장준,1
손절각,1
종발,1
스터핑,1
이목,1
랑랑,1
깡,1
께름칙했어,1
논골집,1
안청살,1
냠냠냠,1
고니,1
미친물량,1
육개,1
자구,1
소임,1
쵸밥,1
갠츤해,1
탈락,1
스벅답,1
복분자주,1
헌팅,1
초소,1
서얼,1
마전,1
연회,1
구박,1
퍌,1
넒,1
떡맛,1
호옹,1
치도,1
복고,1
왕국,1
장승,1
영빈,1
관도,1
흑석,1
디버프,1
후루룹,1
막회,1
궈,1
롱샤,1
럼럼,1
장부근,1
단아,1
아크릴,1
댜,1
바코드,1
캡쳐,1
화면,1
머끼,1
철수,1
세미,1
포켓,1
스탑,1
너겟킹,1
이글,1
씸,1
무초,1
무른걸,1
쭴,1
안단,1
은색,1
파타야,1
여행기,1
브래이,1
래야,1
글른곳,1
천화,1
쇳,1
납,1
마음속,1
델수,1
비닐봉투,1
치떡,1
갓길,1
찬밥,1
사죄,1
장사치,1
덕목,1
김정,1
햇반,1
퇴짜,1
요플레,1
감독,1
기생충,1
관문,1
고사,1
임돠,1
산초,1
편안,1
알파,1
혼연,1
병과,1
명칭,1
고왕,1
생칵나는맛,1
케다,1
아니엇움,1
뺑뺑,1
화초,1
약자,1
강하나,1
튜브,1
수험생,1
푼돈,1
성별,1
뚝불,1
쇠수세미,1
북경,1
막상막하,1
비랄,1
완두콩,1
파바,1
스울,1
만단,1
통단,1
메론빵,1
거대,1
쟝블,1
뽬뽬,1
런치때,1
조박,1
뫼시,1
싹퉁,1
머린,1
정수리,1
여태껏,1
지질,1
홍어회,1
서해,1
과다르,1
슴둥,1
땀남,1
상피세포,1
술김,1
직사,1
광선,1
역활,1
그따위,1
튕,1
먹어봣,1
혼신,1
자칫하면,1
로안,1
할리,1
피뇨,1
캐리,1
팅해,1
낼때,1
빛깔,1
칮,1
개뻑시,1
다반사,1
엇그제,1
신들,1
돈육,1
부각,1
뽀뽀,1
콧,1
방귀,1
촘촘해,1
줫음,1
탕슈육,1
창렬입,1
스탠더드,1
녘,1
고랑주,1
겄는데,1
쾌,1
쾐찮은데,1
수족관,1
헹주,1
회찜,1
재거,1
전무,1
먹엇눈,1
상위호환,1
응거,1
페이퍼,1
상관관계,1
라붐,1
발루토,1
술래,1
스싼,1
미림,1
푸지,1
꺼슬꺼슬,1
무쌈,1
다합,1
단순,1
낚,1
투머치웰던,1
초월,1
서주,1
핫핑크,1
개꿀,1
룸있어,1
줄순,1
삿대질,1
재배,1
낙성,1
캐러맬,1
놧,1
신랑,1
명분,1
하얼빈,1
꼬기,1
쫠깃새콤,1
탕바,1
찔겻어,1
인도사람,1
마샬,1
석기시대,1
금강,1
허름하,1
특기,1
잠기,1
물고기,1
농담,1
끼셧으,1
삼중,1
애스터,1
잍,1
카오팟꿍,1
비디오,1
델꼬,1
카누,1
모티브,1
면접,1
방맹,1
보급,1
괜춘한듯,1
지엠,1
배분,1
평가절하,1
유쾌하,1
출근시간,1
붕뜨던,1
물배,1
롤리폴리,1
버블,1
봉천동,1
김명자,1
발급,1
싶어욤,1
규어,1
낙성대역,1
버슬립스,1
행운,1
치케처돌,1
부로,1
명민,1
실시간,1
만전,1
브라더,1
뎉,1
모하,1
수금,1
화목,1
혼밥족,1
묵적,1
질서,1
시한,1
때뮨,1
거심,1
은젠,1
죵,1
야구르트,1
변색,1
여성혐오,1
셨다,1
쭝얼쭝얼,1
알류미늄,1
간소,1
녕,1
꼬끄임,1
메종,1
초코바나나,1
출퇴근,1
허가,1
청직,1
뭡,1
다족,1
퀄티,1
맜집,1
입사,1
다그,1
가물,1
대역,1
홈플러스,1
홉스,1
쿠스쿠스,1
신선설농탕,1
성민,1
녹두거리,1
벌,1
내부시,1
한진,1
애프터,1
레오,1
부르고뉴,1
자존심,1
비렷어,1
가선,1
그러먄,1
패딩놓,1
나쁭,1
렸,1
아쥬,1
집세,1
금식,1
초리,1
바르가,1
구라,1
폴앤,1
쏘쏘했슈,1
김피탕,1
띵호,1
현물,1
비뭐,1
괞챤,1
전류,1
전말,1
커피점,1
훼이보릿,1
뤼,1
웃돈,1
추방,1
진저리,1
진사,1
어카짘,1
도때,1
죽순,1
누리,1
양일,1
제자,1
데마,1
백이,1
레다,1
자영,1
업자,1
됀찮,1
쥬세,1
마슨굳,1
근무시간,1
이해해,1
나그네,1
삶,1
스캔들,1
정화조,1
컨디먼트,1
괜찮름,1
운조,1
쪽지,1
제재,1
하물며,1
불순,1
윤호,1
민폐,1
출하,1
어드메,1
샹궈중,1
맛없엇어,1
라이더,1
설입,1
학내,1
텐더,1
상궈,1
조리사,1
그르,1
거늬,1
어젠,1
블랙홀,1
괘않,1
병천,1
촵촵,1
봉천역,1
가바,1
밍숭맹숭한데영,1
요체,1
발골,1
껍딱스,1
인디음악,1
활자,1
밝기,1
함은정,1
달랫더,1
광명,1
몰래,1
괘안코,1
즘,1
관악,1
약초,1
궁물향,1
고래고래,1
독재,1
때무,1
쌍문역,1
간소화,1
안밖,1
꽃향,1
조경,1
초밪,1
진가,1
면식,1
직계,1
증명서,1
갸륵하,1
몰랏,1
다다미,1
근교,1
봐야쥬,1
품격,1
지끈,1
탈진,1
옻닭,1
노심초사,1
푸석햇드,1
쫀득한거,1
정거장,1
배딜,1
잇츠,1
스루했다,1
명색,1
꼬숩다,1
유메,1
특유메,1
막대,1
황주,1
떡밥,1
끈끈이,1
예민,1
생드,1
유맛,1
신호등,1
화낼,1
책임감,1
도선사,1
안치우,1
유점,1
시흥동,1
흥관,1
흥관앞,1
독산,1
큰칼,1
제비,1
존맛탱이에욤,1
쥴,1
직감,1
영업비밀,1
무질,1
과카몰레,1
헛,1
판하,1
황제짬뽕,1
꼬들해,1
업계,1
부항,1
특화,1
군말,1
말뚝,1
특집,1
취할,1
안킴,1
드럼통,1
절제,1
문득,1
우윳빛,1
거래처,1
골분,1
옜날,1
군생활,1
브로콜리,1
중타,1
계환,1
베네딕토,1
랩핑,1
드라이기,1
괜차늠,1
도등,1
점전,1
횟수,1
고객감동,1
샾,1
육사,1
교촌치킨,1
괜찬앗,1
돌탑,1
노음,1
억수,1
식스,1
곧잘,1
볼순,1
마리오,1
파파존스,1
아스,1
섭외,1
소간,1
비밀,1
론뎅,1
강행,1
거시,1
웡,1
코로나바이러스,1
쓸모,1
쪼맨한거,1
착즙,1
올인,1
김학래,1
장모님,1
태권브이,1
지엄,1
태권,1
동상,1
문도,1
소심,1
몬드,1
이스터,1
채끝살,1
괜잔을듯,1
짜졋어,1
짯던,1
선착순,1
규제,1
나혼산,1
분윅기,1
이천,1
별실,1
인텔,1
열한시,1
하드코어,1
휴게실,1
꼼떼,1
시경,1
미소시루,1
수페셜,1
시멘트,1
굽은다리역,1
카리스마,1
방불,1
과유,1
불급,1
보강,1
껄,1
전함,1
들쭉,1
날쭉,1
야비,1
파심,1
유기,1
스테끼,1
자리아,1
무릇,1
무명식,1
싄길러,1
츄릅,1
해안가,1
독합닏,1
지지도,1
건과류,1
암송,1
윤문주,1
파티쉐,1
호빵,1
빼줌,1
채스,1
오냐,1
페투치,1
아랫사람,1
리쉬티,1
듁스블렌딩,1
장먼,1
부숴,1
길동,1
구처,1
키도,1
거냉,1
동구청,1
글러,1
프랜피,1
공장장,1
화장지,1
물주,1
강동,1
강동구,1
올림픽대로,1
네시,1
까늘레,1
고치,1
엔젤인어스,1
고수만,1
부천,1
조인성,1
경마장,1
점거,1
토평,1
꼬추,1
천호역,1
존슨,1
낚지집,1
느껴졍,1
변소,1
안성탕면,1
네티즌,1
과콰,1
알파카,1
르뱅,1
앙버터브레첼,1
쭈삼새,1
쭈꾸쭈꾸,1
시행,1
독도,1
제이,1
짬쫑,1
짜져,1
밀로,1
씨앗,1
만도,1
조긍,1
오발,1
올린다,1
가로막,1
접착,1
투껍,1
멜팅,1
지정시,1
빈향,1
바나,1
나크,1
면좀,1
주걱턱,1
거린데,1
만포,1
주드,1
해욤,1
입인,1
난대,1
짯습,1
왓을뿐,1
걔,1
이이,1
마끼갠,1
무관심,1
각별,1
그나,1
치기,1
콤비네이션,1
프로모션,1
걈,1
괜츊,1
나니아,1
연대기,1
옷장,1
호영,1
페이크,1
양양,1
클로티드,1
세종대,1
베지밀,1
호다닥,1
고참,1
광경,1
특호,1
점러,1
반짝,1
문맥,1
마초,1
매화,1
엇넹,1
도랏다,1
준맛,1
갸또,1
치열,1
스벅정,1
하리,1
사적,1
들락달락,1
웟다,1
총총,1
압축기,1
아쉬웟음,1
화닥,1
체제,1
살점,1
뻐찜,1
아일랜드,1
빵답,1
콩고,1
해갈,1
폰트,1
후불,1
손좀,1
잉크,1
상쇄하,1
덤탱이,1
재교육,1
시드,1
중곡점,1
딸바,1
프레지,1
테라,1
짝짓기,1
수업,1
환풍기,1
키시,1
부하,1
잠수교,1
리더,1
즈란,1
원주고,1
무드있,1
갱얼쥐,1
라소,1
유수,1
않아욤,1
저굼,1
유동,1
씨끌,1
슬산슬,1
난자,1
완즈,1
엄지손가락,1
유실,1
엘티이,1
꿉꿉힌,1
말좀,1
양키,1
어피,1
뀰맛,1
닜기,1
정신과,1
멋었습,1
책자,1
부품,1
거르세,1
작전,1
아차산역,1
뿔었음,1
마라룽샤,1
양쪼우,1
퐌,1
삼세,1
씰,1
첫경험,1
욱,1
흐트러져,1
홍당무,1
재탕,1
돈안,1
처답,1
끝내,1
상도,1
공립,1
꽁초,1
똥꼬,1
들꽃,1
비아,1
토우,1
발열,1
닐리,1
납짝,1
쩐,1
귯,1
달린다,1
먀,1
이용도,1
노티,1
어물,1
조오오,1
필기체,1
재의,1
치유,1
크햐,1
세진,1
물냉좀,1
바꿈,1
싸인,1
휴대폰번호,1
마싱,1
에퍼,1
조랑,1
창렬화,1
화궈우,1
창펀,1
연지,1
갈등,1
올리브영,1
부차,1
대책,1
비닐하우스,1
포토제닉,1
중점,1
무작정,1
구아바,1
네소스,1
위집,1
허브,1
돈커츠,1
국체,1
저승사자,1
휙휙,1
올블랙,1
갠취,1
닥터페퍼,1
버걸,1
헴,1
쉐익쉑,1
파이어,1
앰비,1
언스,1
스테이크하우스,1
부부싸움,1
화해,1
프렌차이츠,1
웁시,1
색도,1
맜잇,1
토의,1
명랑,1
웝,1
귀결,1
압로,1
맛이므,1
괴이,1
은희,1
개일,1
로봇,1
깨소금,1
부조화,1
깝칠,1
개털덜,1
김밥나라,1
재공,1
선릉역,1
미관,1
잘먹엇슺,1
미즈,1
컨테이너,1
롶,1
비정상,1
곱떡,1
란걸,1
뻣뻣,1
로보트,1
땀땀,1
쫀,1
낙하,1
질겨짐,1
안젛,1
본체,1
곱향,1
몽중헌,1
페럼,1
점방,1
막차,1
연애,1
운맛,1
대론,1
비즈,1
저스트,1
너리,1
읏,1
드머쉬룸,1
스톤,1
막간,1
불쑈,1
주제가,1
햇거,1
온수,1
밥때,1
볼살,1
글리,1
이산,1
스트릿,1
생채,1
간함,1
지중해,1
본격,1
피타,1
팔라페,1
누무,1
펑,1
핑양랭,1
세터,1
복지,1
충성,1
혐,1
수안,1
스토,1
옙브긴,1
쉬폰,1
쫌쫌,1
따리,1
시초,1
조짐,1
업뎃,1
알베르랩,1
무크,1
머랭,1
저건,1
이케아,1
쫀독,1
뼈속,1
적용,1
압구정역,1
압구정로데오역,1
로코,1
롬,1
수민,1
변주,1
디안,1
감소,1
펀취,1
마도,1
각심,1
브륄레였,1
취사,1
힘껏,1
뻥뻥,1
얌,1
쌔긴,1
일진,1
콸콸,1
콸,1
느꼇습,1
성찰,1
파도처럼,1
도젘,1
로이스,1
띠엄띠엄,1
더군다나,1
꼬릿해,1
다시면,1
고품격,1
북해,1
셕,1
투쁠목,1
등급,1
나빳어,1
첩,1
자식,1
감돈,1
비비큐,1
고무신,1
미나,1
톱핑,1
치츠,1
사교,1
블보,1
최공,1
오리진,1
탈남,1
쉣,1
발렛되,1
발렛되어,1
풍구,1
선결,1
일산화탄소,1
없길레,1
우한,1
폐렴,1
사건,1
까끗,1
괜챦,1
보고서,1
맵싹,1
맛점함,1
가대,1
고색,1
창연,1
괜첞,1
룸있,1
늑간,1
코키,1
포르마,1
지오,1
아가,1
도곡,1
감성돔,1
타코야키,1
티몬,1
알토,1
거르,1
반석,1
토핑값,1
훈연향,1
삼일,1
마장면,1
유감,1
섭섭,1
힙해,1
씨제이,1
리덕,1
면후,1
페킹덕,1
휭거,1
성함,1
프론터,1
젼맛,1
게샤향,1
버통,1
스펜서,1
절친,1
활약,1
보답,1
해파리,1
상충,1
밋있어,1
넘흐,1
일광욕,1
샌프란,1
옆사,1
잡맛,1
조언,1
둥지냉면,1
닷지,1
데느,1
일색,1
밥술,1
같숩,1
시려웠음,1
박지은,1
부친,1
이사악,1
땅코,1
광양,1
여고,1
합정쪽,1
동글동글,1
동까스,1
겉돈,1
보존,1
마무,1
더보,1
프글렛,1
리용,1
페스추리,1
후텁,1
근해,1
우파,1
크로스,1
티니,1
훈,1
아뇰로티,1
차이니스,1
징글징글,1
얊,1
바타,1
부기,1
오십분,1
둘러보기,1
수서,1
광평대군,1
퀘스천,1
연타발,1
선반,1
급부,1
니글거렸음,1
혀텐터짐,1
사쿠라,1
우슨,1
온어쩌구,1
편승,1
앖다,1
검토,1
버거운,1
비집,1
하이파이브,1
조도,1
인팀,1
론듯,1
충실,1
빠삭해,1
평냉평냉,1
인플레,1
금성,1
다다미방,1
최민식,1
해짐,1
르메르디앙,1
만씨,1
구미,1
꽉찻,1
강적,1
두레,1
처넌임,1
윤지,1
쫀맛,1
브레가,1
블랙베리,1
코지,1
터눈,1
잉글리쉬,1
발꼬락,1
웨딩,1
걸쭈욱,1
크라이,1
스믈스믈,1
변종,1
불친철,1
강타,1
플미,1
수반,1
대타,1
쇼룸,1
충족,1
강록,1
강록좌,1
솊,1
마쉐코,1
점객,1
빗자루,1
파머스,1
도곡동,1
사무실,1
거구,1
싶엇어,1
왔댜,1
주유소,1
쫘마,1
로더,1
팔찌,1
당케,1
당케많,1
냠냐냠냐함,1
셀라,1
쿄쿄,1
앞전,1
비릿맛,1
은별,1
미니미니,1
시킬껄,1
펑범합,1
아뮤즈,1
부쉬,1
향후,1
막회집,1
역차별,1
쏘쑈,1
얄상,1
특수성,1
벝,1
취식했,1
더기,1
맛있웄다,1
쯔케멘양,1
구치,1
가현,1
일본말,1
직수입,1
도람,1
도미노피자,1
차기,1
퀼리티,1
보안,1
빈민,1
느낌표,1
그뤠잇,1
팝업,1
애끌레어,1
역스,1
양상,1
없엇어,1
은어,1
비스크,1
대천,1
직사각형,1
메생,1
카쇼,1
법듯,1
로마,1
레몬이,1
여분,1
로꼬,1
팬심,1
초피,1
통후추,1
낫배엗,1
로컬라이징,1
디럭스,1
사찬,1
테블릿,1
장충,1
피자피자,1
웟습,1
티켓,1
빡센건,1
번거롬,1
부폐,1
눈뎅,1
맛나다잉,1
자정,1
혹사,1
피똥,1
안팤,1
경단,1
지협,1
코다,1
차야,1
찬모,1
잏,1
웬일,1
제다,1
베키,1
쫀득함,1
티컬렉티브,1
타르트타탱,1
앙트레,1
어구,1
맛있드,1
결혼기념일,1
센세이션,1
조인,1
캉남,1
스턴,1
직윈,1
팬덤,1
단기,1
캐치,1
끼류,1
모노,1
가쓰오부시,1
솨,1
배터리,1
분노,1
이프,1
리미트,1
하늘만,1
나날이,1
유학생,1
미드,1
날림,1
빠삭빠삭함,1
삼쩜오,1
낫띵,1
진꽃,1
수아,1
안방,1
퍼보퍼보,1
마룻바닥,1
괜챦다,1
자차외,1
수단,1
햇구,1
깃햇,1
포르,1
세티,1
맜있음,1
참나,1
어센틱,1
묘함,1
아니스,1
빵일,1
코르크,1
소아성애,1
회초리,1
제복,1
외계인,1
무떡,1
차씨,1
개운,1
딤선,1
젠바,1
뱃,1
첸,1
딘딘,1
딩딤,1
안겹치,1
찌리,1
부당,1
사각,1
토로로,1
불기,1
은인,1
추앙,1
찜맛,1
생선알,1
왜징,1
무대,1
전갱이,1
남양,1
롹,1
도레도레,1
노란색,1
사이사이,1
에멘,1
나이트,1
청곡,1
무선,1
옷가게,1
키츠네,1
카페베네,1
엔젤리너스,1
루꼴라꽃,1
미기,1
아르,1
넛,1
쨍,1
전투,1
온도계,1
사마귀,1
죄석,1
나왓어,1
리북집,1
밥겸,1
패이머스,1
삿포로,1
영약,1
쫑깃하,1
비스킷,1
형광등,1
뚤,1
도구,1
부채질,1
웨스턴,1
맛은괜춘,1
엉금엉금,1
금테,1
파란색,1
뒤적거렸는,1
수프림,1
너치,1
웰,1
달아욬,1
알베르,1
루이보스,1
쉭쉑,1
신분당선,1
정자역,1
환승,1
서현역,1
슈룸,1
천조국,1
원초,1
금가루,1
후렌치,1
기비,1
흐응,1
로컬맛,1
급수,1
이모티콘,1
불남,1
무른,1
썸탈때,1
포로,1
빡세,1
감격,1
스택,1
값또,1
슻,1
슻불,1
구성원,1
상상력,1
벽난로,1
삼각,1
발꼬랑내,1
족보,1
게외,1
러워,1
암만,1
지느러미,1
사복,1
고기구,1
개봉,1
고척,1
더욱이,1
즉발,1
쟁,1
박막,1
리필때,1
입대,1
쓰래,1
애가,1
고척동,1
고척돔,1
칭합,1
모히토,1
제노,1
베제,1
소스류,1
냇으,1
게산,1
노아,1
에슐리,1
직도,1
여자애,1
제라,1
쩍,1
개봉동,1
부일,1
뿔뿔이,1
햔,1
스패셜,1
페티,1
뎁혀,1
꼽꼽,1
종도,1
과도기,1
라이터,1
룻,1
향궈,1
이심,1
인제,1
할리스커피,1
써쥬,1
포도주,1
구로역,1
배송,1
칼퇴,1
죄송,1
콤함,1
런치셋트,1
퍼줘,1
나무숲,1
가부,1
리마,1
분양,1
이정원,1
법적,1
무뇌,1
잘잘못,1
카더라,1
페트병,1
마음씨,1
격하,1
균,1
증미역,1
격무,1
쪽또,1
보노보노,1
쿠운상,1
키누,1
얼렁뚱땅,1
고성동,1
맜있다,1
뇸뇸,1
일과,1
툭하면,1
폭주,1
사유,1
한나,1
마블,1
까망베르,1
졸업식,1
굴탕,1
송골송골,1
론건,1
쯔양,1
발산역,1
칠이,1
다드,1
김이랑,1
페이도,1
인적,1
운영자,1
골프장,1
전철,1
와리,1
질겅질겅거려,1
토렴,1
라임에이드,1
실타,1
유레카,1
호로,1
실천,1
훌터,1
통채,1
적군,1
알바로,1
멈,1
맛찬,1
촥,1
유로,1
갱신,1
곡동,1
레이즈,1
여로,1
해신,1
보양식,1
게라,1
염창,1
건성,1
외제차,1
시동,1
읹,1
항해,1
잘먹엇습,1
너와나,1
콘닭,1
불꽃,1
사일,1
쯜기,1
비말,1
으슬어짐,1
파초,1
아동,1
튬,1
절찬,1
통팥,1
해외여행,1
마킹,1
스크림,1
취했다,1
눈살,1
안연,1
마곡,1
발등,1
퉁퉁,1
통증,1
녀,1
이촌,1
금홍,1
육로,1
연초,1
주변인,1
어중띠,1
앉은자리,1
마곡점,1
프랜,1
거길,1
노변,1
인세,1
먹으몃,1
개값,1
돈데,1
괴식,1
자일리톨,1
납작만두,1
샥,1
칼파,1
사연,1
숏컷,1
베테,1
쩐다,1
콧대,1
부속품,1
꽃목,1
살집,1
희망고문,1
등겹살,1
좋슺,1
해쉬태그,1
관리원,1
횡포,1
일방,1
목마,1
해환,1
느끼겄,1
쯪,1
랭면,1
쿠쿠,1
팽냉,1
열기,1
주장,1
도처,1
쿠크다스,1
멘탈,1
비냉시켯더,1
젠장,1
대치동,1
목멱산,1
타이어,1
길안,1
낭만,1
장삿속,1
위탁,1
앖는곳,1
케이블카,1
생굴,1
홀딱,1
실향,1
언발런스해,1
아뿔싸,1
절하,1
요원,1
브레이,1
웩,1
뭥,1
조율,1
어린시절,1
낫굿,1
신창면,1
중부,1
장보고,1
글치,1
평냉파,1
과극,1
회냉집,1
미슐렝,1
과분,1
파간,1
면향,1
우회,1
뮌헨,1
옥토버페스트,1
패스워드,1
미성,1
한국은행,1
노릿노릿,1
단촐,1
수하동,1
잠재,1
었,1
수도꼭지,1
밎는,1
맹탕같,1
나사,1
랜딩,1
통팥빵,1
스러윰,1
엄니,1
시퓬,1
모니카,1
제과제빵,1
태극,1
드하,1
붕어싸만코,1
유상,1
말이졍,1
갔었드랬,1
랩소디,1
먹스,1
장롱,1
잘되닌까,1
닭향,1
작위,1
엎기,1
십상,1
며느리,1
정크푸드,1
죠닝,1
으잉,1
양은정,1
팝,1
까마귀,1
오비,1
이락,1
정전,1
전일,1
람,1
임펙트가있,1
구르밍,1
신선로,1
으하하하하,1
맛저,1
주림,1
봉골레양,1
줄알,1
육포,1
대리석,1
김경,1
연천,1
마씨,1
썽,1
냉냉,1
능라,1
습격,1
엑센트,1
감복,1
굿맛,1
화학조미료,1
이향,1
샬짝나는맛,1
자매,1
유한,1
철재,1
블럭,1
검지,1
진임,1
노놉,1
츠샌드,1
분야,1
갑산,1
천안,1
놨드라구,1
정각,1
간덴데,1
아부지,1
마상,1
반두,1
퇴계로,1
복장,1
짭쪼롭해,1
복골복,1
촛불집회,1
예시,1
무수,1
과음,1
이맘,1
평안,1
그람,1
참전,1
비둘기,1
우울,1
장소라,1
무심코,1
국보,1
정서,1
없어욤,1
낫벳,1
도실,1
없드,1
감잣국집,1
쫄깃했으,1
빅맛,1
무오,1
루데,1
꼿아놓,1
일제,1
빠삐코,1
방만,1
날수,1
레버,1
음질,1
보드,1
허준,1
치료,1
항기,1
코리안,1
만리,1
그닥일,1
비생,1
객하,1
합류,1
규칙,1
질깃,1
닭계장,1
제겐,1
무교,1
국맛,1
터줏골,1
굴편,1
국악기,1
골프,1
시늉,1
꼰대짓,1
특특,1
깜끔함,1
잔향맛,1
콕,1
당귀,1
잔향,1
특자,1
개포,1
까르보함박,1
게향,1
말뜻,1
변신,1
꽃다발,1
호사,1
드디러,1
레전드,1
질의,1
고롴케,1
자위,1
혁명,1
뉘,1
통금,1
검문소,1
사위,1
가오,1
떯어짐,1
쪙,1
변태,1
심리,1
살돈,1
작업실,1
건축물,1
속달,1
곗돈,1
하얏트,1
얀,1
아리아,1
넙적,1
우관,1
유슬,1
수술,1
물런,1
개임,1
원금,1
뭐던,1
번지,1
홍익,1
저으셔,1
구더기,1
덕수궁,1
돌담,1
봄날,1
미니멀리즘,1
심혈,1
넷상,1
알반,1
배아픔,1
갑인,1
그르지마잉,1
밍숭해,1
청실홍실,1
얄거,1
공통점,1
칼슘,1
샤슬리,1
발티카,1
통인시장,1
디핑,1
얐다,1
로이,1
나띵,1
맛잇지듀,1
도끼,1
뚜둥,1
코기,1
삭막,1
겁결,1
놀부,1
경도,1
넒은곳,1
중턱,1
단도직입,1
산채,1
밑집,1
맛김치,1
진실인,1
겐찮,1
스니퍼,1
풋맛,1
시몽,1
메도빅,1
이류,1
달걀찜,1
장정식,1
허름한데,1
카레라이스,1
찜등,1
홍주,1
쥑,1
괜찮숩,1
로칸,1
신문지,1
대강,1
고기술,1
데판,1
소공동,1
선신,1
운걸,1
초땐,1
재작년,1
키위,1
기탁,1
폭등,1
호식,1
자웅,1
호가,1
은호,1
윈,1
남자라면,1
콜라겐,1
스펙,1
하겠슴,1
타이페이,1
본대,1
칼텍스,1
기후,1
뚱뚱,1
수순,1
에프,1
소라빵,1
말귀,1
개사,1
신당,1
상소,1
류산슬밥,1
떨어트려,1
기부,1
퓨로롱,1
케쿠,1
맛잇엇욧,1
퓨로뇽,1
코코팜,1
엑셀,1
런트,1
다낭,1
퍼틴,1
일간,1
그릏,1
정적,1
포지션,1
압축,1
답시고,1
가독성,1
일어,1
산동요리,1
초류향,1
충후,1
당분,1
가운,1
뱅뱅,1
신당역,1
충무아트홀,1
월등,1
화합,1
치킨스프,1
어종,1
쌘거,1
금붕어,1
방과,1
지원,1
미비,1
복사,1
프린트,1
부적합,1
오피,1
쫄깃함찰기,1
코미,1
분포,1
비앙카,1
천년,1
만년,1
원수,1
쇼크,1
포충,1
숮,1
김찌,1
이화,1
백주년,1
기념관,1
후원,1
잉글랜드,1
마미,1
레이더스,1
펠레,1
미뇽,1
눈가,1
맘에안듬,1
참김,1
쫄볶,1
명화,1
늑김쓰,1
놀러왓다,1
호불,1
의존,1
정반대,1
카구라,1
괂찮,1
산정,1
석산,1
진저,1
인쇄소,1
내관,1
알곤,1
산시,1
있엇음,1
낫읍,1
데쓰,1
우결,1
커플링,1
우세,1
말수,1
따위,1
영미,1
래지,1
능지처참,1
부관참시,1
새꼬시,1
병맥,1
생갸,1
둘제,1
얘매,1
조성,1
규정,1
펭귄,1
굿구,1
보신각,1
타종행사,1
민물,1
버블티,1
스트로우,1
레쉬,1
부합,1
동대입구역,1
그윽,1
동두천,1
평남,1
획득,1
광희문,1
적산,1
커뮤니티,1
외경,1
점심밥,1
액,1
실링,1
창의,1
대보,1
스탠드,1
눠로우샤,1
토론토,1
밑둥,1
통령,1
삼굡,1
꼬임,1
조잘조잘,1
안드로이드,1
칸마긔,1
닭속,1
갈껄,1
진양,1
빵점,1
티컵,1
마르코폴로,1
찻잎,1
소비수준,1
커욤,1
골반,1
원사,1
휴식시간,1
뽕짝,1
연잎밥,1
즉시,1
찰밥,1
보약,1
교본,1
뒷발,1
중소,1
양쪽,1
샤를,1
천직,1
브라운관,1
복식,1
일찍이,1
콩죽,1
스쿨,1
에버,1
페이지,1
조의,1
쫘르륵,1
몰트,1
스펨,1
가판,1
학년,1
코스모스,1
슬금슬금,1
훈련,1
반사,1
부주의,1
태구,1
빙과,1
컨텍,1
기차역,1
성당,1
걤,1
네네,1
북방,1
처임,1
자선,1
갈이,1
장악,1
촌지,1
원흥,1
드빌,1
조던,1
톰과제리,1
제리케이,1
정동극장,1
정지영,1
인간취,1
코바,1
박람회,1
비릿한향,1
구조구,1
동호회,1
고민정,1
아이디,1
퇴락,1
뭇,1
러닝,1
청계,1
알바인,1
뭣모르,1
라성,1
이염,1
닥임,1
무성,1
잔애,1
무뼈,1
울란바타르,1
천오백원,1
무지막지,1
성애자,1
불빛,1
화폐,1
유치원,1
오점,1
르프,1
비법,1
면목동,1
맹숭맹숭,1
닥트,1
놨음,1
겉쪽,1
까치,1
성큼,1
쏘쏘엿어,1
땐데,1
양치,1
아낙,1
조닝,1
프로도,1
콘까르,1
헤메,1
방안,1
정수기,1
리복,1
피시,1
어패류,1
조조,1
양수,1
군호,1
계륵,1
도감,1
누렇,1
냉찜뽕,1
마르지,1
요리조리,1
확남,1
빵좀,1
꾀,1
임박,1
타격,1
쵹쵹,1
한무,1
깜박,1
알짝,1
커팅해,1
옷차림,1
언행,1
포션,1
백파,1
혼밥혼술러,1
근육,1
부채,1
순수,1
유유,1
미스터도넛,1
자해,1
그름,1
옥점,1
스탠,1
딩석,1
둘레길,1
허허벌판,1
푸릇할때,1
뵈르,1
일케,1
외쿡,1
체온계,1
식성,1
스모키,1
셧다,1
오산시,1
잠봉브뢰,1
끊음,1
미안,1
레게,1
거때매,1
왕비,1
동양,1
점위,1
알짜,1
유서,1
여론,1
언론,1
전병하,1
비추욤,1
유림면,1
위정,1
오본,1
압맛,1
르미,1
조각상,1
수천,1
헬입,1
면피,1
커피프린스,1
자동차,1
북악산,1
경유,1
하하호호,1
좀처럼,1
제비집,1
바서,1
괜춘했던,1
맛과비슷,1
좀즥,1
비커,1
숙지,1
빙초산,1
성지인,1
불친철해,1
이문,1
님들,1
비장,1
신문,1
스크랩,1
이문설농탕,1
패널,1
보전,1
김지,1
탕맛,1
관광명소,1
찬스,1
소독제,1
밍숭맹숭할,1
쉽사리,1
인산인해,1
옥방,1
노무현,1
오늘날,1
분류,1
명사,1
파도,1
유원지,1
덜임,1
갈스록,1
풍족,1
콩즙,1
밍숭밍숭,1
도르가,1
네버,1
굴뚝,1
개천,1
대청,1
낙제,1
진득진득해,1
전직,1
전공,1
입물,1
익선점,1
유진,1
탑골,1
쪼려,1
다크호스,1
간좀,1
직진,1
피맛골,1
농후함,1
교류,1
현직,1
협찬,1
수수,1
부꾸미,1
고소공포증,1
연로,1
비로소,1
산세,1
파란하늘,1
한눈,1
우리네,1
천진,1
포자,1
부동,1
꽈,1
이병학,1
빚었는,1
숱,1
바닷가,1
잡솨,1
소굴,1
와글와글,1
폭파,1
크렌베리,1
스코,1
부암,1
루똘,1
로즈데이,1
시위,1
건강검진,1
아사,1
긴자,1
부들,1
지원이,1
난로,1
츱,1
취식시,1
존망,1
메탈리카,1
숍인숍,1
물개,1
날쑥,1
도화동,1
산모퉁이,1
매직,1
지금껏,1
일이만원,1
갑임,1
이상아,1
발품값,1
좌회전,1
파블로,1
주사,1
옥속,1
쌀알,1
나즈,1
본부장,1
자포,1
투톱,1
티벳,1
나완,1
초강추,1
누님,1
형수,1
무릎,1
화점,1
입술,1
참말,1
쫠깃,1
웃픈,1
에쵸티,1
부들부들,1
쫀덕,1
쫀덕한건,1
수능,1
학원,1
밤샘,1
범범,1
뿜,1
우웩,1
과식,1
물렁,1
낫또,1
컨트리,1
마쥬,1
카스텔라,1
고여,1
탄산수,1
쪼꼬미,1
공평동,1
찰,1
칼국시,1
장맛,1
싱겁웠,1
유념,1
오타,1
은거,1
부응,1
아이스밀크,1
옹색,1
부임,1
회용,1
아담,1
아이브,1
계약,1
인감도장,1
귀마개,1
창신동,1
터치스크린,1
해물전,1
띡띡,1
갓덴,1
살망,1
시시,1
기예,1
줌마,1
동묘,1
기력,1
중량,1
동동,1
위임,1
아마추어,1
촉감,1
방한,1
구해,1
여간,1
꾸렁내,1
물값,1
줬스,1
영진,1
읎,1
두렵슴,1
플루,1
비키,1
헝,1
땡땡,1
슴슴했음,1
딴사람,1
물수제비,1
암,1
청운동,1
국가,1
지니,1
민원,1
느낑,1
천후,1
겉절,1
진안,1
긴요,1
친정엄마,1
민망,1
고질,1
걸쭉,1
앤바,1
철칙,1
산체스,1
어겐,1
슴슴했어,1
레이지,1
쾌쾌,1
도달,1
싱,1
왓더,1
왓어,1
템,1
롤맛,1
반동,1
익선,1
넘넘맛잇어욤,1
갈릿듯,1
뒹굼,1
멕노날드,1
오믈,1
스마트,1
쪼꼼있음,1
스파클링,1
택한것,1
릉,1
셰이크,1
저지,1
지소,1
미용실,1
촌길,1
깃발,1
이만이천원,1
박노해,1
시인,1
조이사,1
산지,1
에미,1
경제력,1
광화문역,1
무한대,1
사료,1
기엽,1
안기엽다,1
지유가오카,1
남방,1
줄스,1
조계사,1
가파르긴,1
멜라,1
상점,1
둥그레,1
블레드,1
가양,1
값임,1
종잡,1
식순,1
꽃밥,1
슴슴할,1
쉴락말락,1
돈목살,1
숙달,1
막말,1
도기,1
스테인레스,1
가츠돈,1
성웅,1
뎁혀줘,1
점음,1
히트,1
모범,1
한약,1
외적,1
바리,1
삼사십분,1
고렇습,1
성해,1
커뤼,1
성균관대,1
진아,1
커피차,1
과부,1
필욘없,1
아트웍,1
머그컵,1
흐느,1
은감,1
다이소,1
임분시,1
완뽕,1
누룽지밥,1
될듯뇨,1
사워크림,1
귣귣,1
멤버십,1
퀄리티을,1
루바,1
경희궁,1
생식기,1
유애,1
뽜,1
동참,1
가어,1
쩧다,1
번호판,1
통조림,1
광화문우체국,1
테키집,1
빈스빈스,1
굴라쉬,1
코니숑,1
라클렛,1
괜츈한데,1
코틀렛,1
살처,1
스위스,1
묘미,1
퓨레,1
모듬수육전골,1
한탄,1
굴철,1
편중,1
오꼬노,1
옥좌,1
구조도,1
뒈,1
구기동,1
엠,1
짠엠,1
모씨,1
읎넹,1
파랑,1
메라,1
글함,1
써비,1
개무시,1
성윤,1
유심,1
숙소,1
달다롼,1
다락방,1
생목,1
실뭉,1
액젓,1
알냉,1
카펠리니,1
접목,1
전격,1
상품권,1
종각역,1
이어진,1
부랏부어스트,1
야기,1
투합,1
렬,1
뒤론,1
돈좀,1
복권,1
성냥,1
눅,1
기해,1
갠찮음,1
먹보,1
엇습,1
뷴,1
위기,1
꾸욱,1
그린마일,1
좋름,1
맛이졍,1
예술인,1
꼬들밥,1
강추임,1
도아,1
곺,1
볏짚,1
비지니스,1
안성,1
반문,1
부늬기,1
목항정살,1
캐나디언,1
붓쳐스컷,1
아카시아,1
토핑양,1
홀리,1
개코,1
가팔랐름,1
궁서체,1
눈꼽끼,1
몬스터,1
가위바위보,1
구호,1
김피,1
쟞됨,1
소테,1
아숩당,1
고지혈증,1
맛납,1
육류,1
종로타워,1
출시,1
휑했다,1
초생,1
구리시,1
바쁱땐,1
띠껍,1
노어이,1
기네스,1
도망,1
이오,1
식도락,1
상훈,1
산집,1
볼라,1
샴콜,1
박준혁,1
국민,1
덕의,1
룸들,1
호주시,1
열전도율,1
막내,1
기원,1
사범,1
얼렁먹,1
황소,1
동대문시장,1
삼촌,1
만드레,1
젊음,1
국회,1
사임,1
닭안,1
단술,1
마넌,1
수풀,1
주반,1
바꼇다벼,1
흐물한건,1
일판,1
맛를,1
조리라,1
피시방,1
진시,1
셔맛이없,1
이기진,1
띠거워,1
통상,1
허벅지,1
주거,1
오트렉,1
강약,1
거무,1
로스트포크,1
몬비엣,1
배트,1
괞찬다,1
독립,1
적공간,1
슉,1
아위,1
더누듯,1
목타,1
무집,1
로동,1
나왓음,1
썸,1
삼십,1
노점상,1
전구,1
애니메이션,1
뻘겋,1
오늘밤,1
낙원동,1
택했,1
예비,1
예단,1
륵,1
신잡,1
어루려저,1
빠르기,1
혼밥러,1
쇼킹,1
띠용,1
간술,1
단속,1
주옥,1
오가와,1
추강,1
성실,1
포모,1
화법,1
눈요기,1
잉잉,1
꾸릿,1
어만두,1
절벽,1
판자,1
가건물,1
알록달록,1
정연,1
탄생,1
쪼끄맣,1
틴토,1
맛었어,1
핀초,1
철현,1
타파스,1
연출,1
원샷,1
퍼먹다,1
경력,1
쉬림,1
가비지,1
결과물,1
닉네임,1
고물상,1
오틀리,1
뉴트,1
로토,1
조오오오오오오,1
컴퍼니,1
뺑,1
마이크로,1
티맛,1
쪼까,1
빠작,1
단풍,1
회상,1
폐가,1
나선,1
불신,1
강금,1
줄스지마,1
백령도,1
부평,1
옹진,1
우레,1
매니악,1
웰빙,1
죄악,1
껜,1
탕밥,1
타계,1
피셔,1
제리코,1
롤듯,1
루텐,1
앗,1
능사,1
얐,1
사본,1
식물원,1
자본,1
플랜,1
골방,1
츠지,1
뭐합,1
입속,1
미끄덩거렸던,1
피오,1
마슨,1
구별,1
오뢔할,1
쌋,1
아랑,1
쏠땀무채,1
펀치,1
늪,1
탑임,1
더쿡,1
자칭,1
뮤지컬,1
누나,1
파킹비,1
부감,1
신입,1
야장,1
불시,1
출석,1
담섬,1
에드,1
적중,1
비유,1
사리곰탕,1
돈코츠파,1
번갈아,1
명장,1
마우스,1
클릭,1
쇼륨,1
기일,1
열심,1
가모,1
숨소리,1
차례대로,1
목숨,1
한마음,1
서교,1
원본,1
찮다,1
여백,1
바이러스,1
차피,1
실온,1
날바,1
날인,1
쌔럼들,1
대한항공,1
문전,1
꼬들했,1
타레가,1
화이트와인,1
온몸,1
길음,1
빠삭,1
통통,1
다차,1
똠양꿈,1
동남아시아,1
포차나,1
똠냥꿍,1
동진,1
부흥,1
크라켄,1
찻는,1
댕로,1
대입,1
궈먹자,1
성분,1
함초,1
예식장,1
밀계,1
스토리텔링,1
히말라야,1
컬리,1
차단,1
퓨,1
쫜쫜하,1
쫠깃쫠깃,1
폐업,1
인태리,1
일례,1
이채,1
콘샌트,1
썻다,1
메이비,1
멩신,1
다모,1
답터,1
수압,1
불침절함,1
꼽자,1
칼질,1
땅바닥,1
건망증,1
다짐,1
밀떡임,1
괜춘했다,1
리어카,1
돴,1
붙이,1
사망,1
태이블링,1
컬함,1
워프,1
보살,1
대각선,1
명보,1
만오,1
개꿀잼,1
샤만,1
꿔샤,1
싑,1
미끄르르,1
만사,1
최금,1
방부,1
헀음,1
재스민,1
고독,1
르끰,1
전시관,1
락원,1
아소정,1
개차반임,1
비맛,1
도서,1
잡화,1
친척,1
브릿지,1
홍삼,1
자타공인,1
흡사,1
껄끄럽거,1
대환영,1
무신,1
대학원,1
동기,1
환성,1
델고감,1
전파,1
후숙,1
뙤약볕,1
쌀좀,1
족탕,1
창렬해,1
부와,1
족족,1
안팎,1
자바,1
긴지,1
비앤,1
네버슬립스,1
공급,1
뻘쭘해,1
머르겠는,1
생갓,1
뭍혀,1
공자,1
카케,1
시공,1
카덴,1
카키,1
찌석,1
퍽퍽살,1
이해도,1
화도,1
속눈썹,1
소스트,1
굿굿이엇음,1
태국인,1
회반,1
어항,1
지희,1
챠오,1
물결,1
공덕동,1
짜차이,1
소흘점,1
묜,1
분안,1
랑군,1
글거린,1
타오,1
완자탕,1
커피빈,1
마싰습니당,1
플리,1
외할머니,1
방짜유기,1
붇,1
특의양,1
경직,1
싱크대,1
짓거리,1
성의껏,1
또줌,1
차유셔우,1
엇어,1
밀향,1
관통,1
전개,1
탈북,1
고위,1
간부,1
뭐징,1
맛나댱,1
한식대첩,1
대표팀,1
출전,1
냉동고,1
공덕역,1
앙꼬없는,1
흰밥,1
시력,1
수미,1
맹탕이엇다,1
신종,1
인종차별,1
창피해,1
녹병,1
랬,1
악세사리,1
확줄,1
지브리,1
디즈니,1
저작권료,1
금전,1
이익,1
저작권,1
모아새,1
발언,1
화이트데이,1
목표,1
파우치,1
얌체,1
협소했,1
널널,1
밤부,1
아이보리,1
앙게트,1
딩,1
청소기,1
파라솔,1
졸귀,1
휑합,1
버갈이었,1
팅후,1
지사,1
아날로그,1
서막,1
뒤죽박,1
두도,1
여동생,1
더부륵,1
팔구,1
촐,1
꼭데기,1
이상하,1
무자,1
츠마,1
히츠,1
뒷담화,1
고창,1
정안,1
밥풀떼기,1
덕지덕지,1
려면,1
재해,1
들것,1
커피가게,1
견줄,1
루나,1
잠금장치,1
불미,1
출판사,1
공생,1
금도,1
심술,1
욯,1
욜,1
근본,1
방랑,1
도외,1
어놓,1
번데기,1
마려운,1
두런두런,1
수급,1
우하하,1
태양,1
빳빳해,1
호환,1
호호,1
멍빈,1
얐음,1
과시,1
가희,1
의뭄,1
히든,1
따끈따끈,1
쾌감,1
가케,1
서식,1
와카,1
모랑,1
퐁실퐁,1
남자에게,1
치쿠,1
이지나,1
톤코츠,1
나하,1
앏,1
난청,1
쿠엉쿠웡쿠엉,1
두둥,1
뒁,1
도때기,1
모름지기,1
이언,1
어메리카,1
노탑,1
트리오,1
힝힝,1
크리머,1
칠판,1
옥동,1
육장,1
이화수,1
대장,1
부스,1
가후,1
으르,1
르왈,1
램니쿠,1
일대일,1
가규,1
분윅,1
인곳,1
상암동,1
락,1
막창집,1
요호,1
밑층,1
운반,1
카페테리아,1
폴리스,1
액티브,1
가다랑어포,1
수인,1
걤성,1
튜토리얼,1
이치란,1
단동,1
성산,1
교사,1
주병진,1
홍시,1
서프라이즈,1
카미,1
합정역,1
행진,1
똑띡히,1
꼰리,1
판체타,1
른당,1
개합,1
기왕,1
키슈,1
키쉬,1
욕설,1
구석구석,1
뭉치,1
비명,1
웨디팅,1
없을둣,1
가입,1
명확,1
술취,1
괴앵,1
투머치쥬시하,1
삐옹,1
패킹,1
금토,1
디제잉,1
앤디,1
세컨브랜,1
쫄깃쫄깃하,1
펠엔콜,1
보호,1
딸라,1
놀이기구,1
고무줄,1
말똥성게,1
티어,1
거란,1
바삐,1
조선시대,1
누적,1
혼쭐,1
내시,1
트로이카,1
청라면,1
푸욱,1
개척,1
상수역,1
조상,1
우마,1
뚝심,1
국뭏,1
탐구,1
휴먼,1
꿋꿋,1
빙땅,1
비싼둣,1
깎슴당,1
사피,1
담당자,1
김영섭,1
건빵,1
감나무,1
반소,1
설겆,1
뷰값,1
강변,1
안가라,1
러스트,1
빅사,1
퍼먹는,1
금연,1
갈버,1
리신,1
오로라,1
걸루,1
괘찮은데,1
몫함,1
알덴테,1
채용,1
붕어빵,1
폴,1
오헨,1
꾹꾹,1
뉴질랜드,1
어머,1
추측,1
회색,1
비니,1
거가,1
숫자,1
덴마크,1
엏,1
콩떡,1
모스,1
홍두,1
다임,1
소금물,1
삷,1
손오공,1
포진,1
칼조네,1
엮,1
겹로,1
대륙,1
자유,1
분방,1
아직족뱔,1
질적,1
청맛,1
토드,1
롤로,1
몽땅,1
네가지,1
히트라,1
율무,1
생전,1
부점,1
외길,1
진일,1
탄성,1
살결,1
차라,1
유량,1
탐탐,1
구슬,1
옐로우,1
검정색,1
소양,1
라이브러리,1
적선,1
노르,1
스름,1
토핑덕,1
골키,1
소박,1
국장,1
추대,1
일감,1
돤,1
따뚯,1
뭉개져,1
보컬,1
리필함,1
헐랭할,1
몰타,1
비싸잉,1
창밖,1
경의선,1
찌뿌둥함,1
카스티야,1
참내,1
계란빵,1
갈껄그랬,1
말맛,1
퐁,1
방콕,1
매너리즘,1
대본,1
업그,1
배출,1
곧장,1
코고,1
스프링롤,1
안대,1
서술,1
중후,1
시엔,1
쉬킷들,1
음식서빙,1
방송국,1
가공,1
맛만보먄,1
시카고피자,1
뚱땡이,1
하란,1
롤까스,1
속수무책,1
고갈,1
쩍었,1
정한진,1
쏼라쏼,1
오리온,1
멈뭄미,1
미르,1
함양,1
업글,1
무작위,1
평균점,1
손수건,1
레쓰비,1
빼빼로데이,1
느님,1
눈코,1
뜰새,1
조물,1
아이앰,1
아이엠,1
믾았,1
갈런,1
사모,1
평상시,1
관새,1
이베리아,1
구실,1
비볏,1
절이도,1
않넹,1
끈적거릴,1
머랄,1
로위,1
대규모,1
대부,1
할껀지말껀,1
배귤,1
스크럼,1
블드,1
인도네시아,1
만델링,1
코스타리카,1
따라쥬,1
엣,1
나우,1
말이죵,1
멘마,1
쿼드,1
도피,1
결혼,1
설레임,1
싱싱쓰,1
반대편,1
멕,1
키코,1
잉여,1
된장전골,1
재정,1
탄토,1
근거지,1
가늠,1
점쇼룸,1
릿듯,1
마스터셰프,1
단테,1
갑지,1
리해,1
고서,1
구간,1
니나,1
문장,1
행보,1
마유,1
기정식,1
잊혀짐,1
반한,1
앆음,1
간구,1
찜질방,1
탠데,1
양파링,1
맛일,1
점착,1
범,1
특모듬,1
단독주택,1
부장,1
명석,1
응답,1
사다리,1
허버허버,1
르마,1
초가,1
못델,1
리그,1
홀스탭,1
포멜로,1
간맥,1
소쥬,1
엎었는데,1
햇던곳,1
깅,1
약화,1
날땐,1
은파,1
별칭,1
슬레이어,1
괜시리,1
슈톨렌,1
징징,1
쓰럽기,1
이백배,1
어쩌란건,1
마레,1
랩탑,1
퍼블,1
리크,1
루아르,1
선회,1
쫄깃한데,1
군침,1
만포면,1
서강대,1
느타리,1
아이싱,1
적대,1
료칸,1
다나카,1
돈지루,1
오로치,1
마가리타,1
상수,1
억지,1
떫어,1
중도,1
쨋,1
상각,1
퓨저,1
하루살이,1
있엇어,1
컨드,1
낙영,1
흥미,1
쯩겨,1
원더,1
쌍구,1
뉴치케,1
뚜웅카롱,1
켘,1
뚱카롱쓰,1
막창순대,1
맛그닥,1
꽤쫀쫀,1
보랑,1
가동,1
햐바라기씨가꽈즈,1
훈둔탕,1
진작,1
듯용,1
따땃했던,1
일착,1
롤스,1
레인보우,1
우피,1
청포묵,1
에나,1
힘팍,1
돈좀번,1
솜시,1
이만팔천원,1
꼰대,1
두부보쌈,1
콩집,1
불변,1
흘륭한데,1
바글데,1
즌,1
앵거스,1
챙,1
외출,1
몸소,1
한주,1
식비,1
스벅빼곤,1
덜햬진것,1
대남,1
꼬질꼬질,1
수락산,1
등반,1
완쫄깃,1
화포,1
언어,1
께름,1
침착,1
개껌,1
부원,1
악몽,1
나승준,1
옶음,1
야키우동,1
뽕뽕,1
그라니타,1
대꾸,1
횽들,1
판위,1
난국,1
까르보,1
듣는둥,1
응방,1
딴판,1
효용,1
룬,1
미싯,1
은방,1
옆방,1
산악회,1
연습,1
도봉구,1
낳을,1
손에꼽,1
도사,1
수락,1
윤씨,1
노족,1
공산품,1
로컬라이제이션,1
개빡,1
용녀,1
용화여고,1
퇴근길,1
브레스트,1
돌위,1
밸류,1
인자,1
광운대,1
딘,1
공릉,1
월전,1
장성,1
사이렌,1
쿠사리,1
캐리어,1
짜잉남,1
숙연,1
치킨떡볶이,1
국순당,1
나빳,1
됒,1
사감,1
무선인터넷,1
뱐,1
나프,1
건의,1
버렷어,1
잔뼈,1
어향육슬,1
냐,1
대옥,1
분투,1
낰,1
목살일,1
교외,1
관찮은데,1
키핑,1
개명,1
제시,1
롤쪽,1
육계,1
원픽,1
교채,1
취객,1
석계역,1
철길,1
산책길,1
층닭,1
태릉선수촌,1
사투리,1
팔복,1
껍떼기,1
안썻구,1
떡벆,1
계통,1
너비,1
반즘,1
소수,1
국내성,1
서쪽,1
살항정살,1
대순,1
생햄슬,1
짜장국수,1
고향이,1
누릉,1
누릉지탕집,1
누릉지탕,1
겹치,1
중학교,1
갈현동,1
물밀듯이,1
오르락내리락,1
새절역,1
산둥,1
자녀,1
고성,1
방가,1
파술,1
한복,1
옥문,1
견해,1
손세정제,1
생방송,1
티비엔,1
뎀,1
실로,1
비뀐듯,1
세이지,1
교리,1
옆구리,1
타박,1
서오릉,1
통칭,1
있슴,1
응암동,1
서부,1
카우보이,1
고가도,1
디포,1
괜잖,1
묵념,1
꽝임,1
씨레기,1
이방인,1
홍제,1
인왕,1
옆임,1
가족손님,1
퍼저,1
손가락질,1
점프,1
달러,1
홀스,1
폭격기,1
볕,1
송화단,1
이임,1
네일,1
기이,1
장만,1
번정더,1
말복,1
탄현,1
책볼때,1
세분,1
이디야,1
후덕,1
꼬슬꼬슬,1
숭어,1
사슴,1
쫀뜩,1
레크,1
오프,1
루티,1
말쯤토욜,1
븰레,1
놂,1
현관문,1
한라,1
혼용,1
남겻,1
단고기,1
시술,1
모친,1
로부터,1
외면,1
써니,1
난점,1
화채,1
샤브집,1
소독약,1
라베,1
가형,1
몸값,1
경이,1
지난달,1
기름종이,1
송추,1
증류주,1
잔술,1
삐끼짓,1
셋팅되,1
청주,1
집값,1
장대,1
극장,1
리치몬드,1
한성대역,1
부더,1
심우장,1
더맛남,1
조경이,1
이항,1
다과,1
고택,1
이태준,1
숴워,1
방명록,1
구욷,1
대성통곡,1
치카라,1
메시,1
웨옹,1
마라탕샹궈,1
체력,1
알렉세이,1
속옷,1
베임,1
스님,1
사찰음식,1
박혜선,1
대표이사,1
사찰,1
무패,1
민것,1
한양도성,1
휴게,1
딸아이,1
잔금,1
존맛태,1
걷기,1
괴리,1
박도,1
테끼,1
하길레,1
마몽함박,1
마몽,1
비숫,1
멜버른,1
야마토,1
건줄,1
멀티,1
레인,1
재개,1
커피나무,1
요셉,1
마리아,1
모과차,1
포식,1
스레기통,1
수은,1
학생증,1
펠트,1
즐겨찾기,1
티집,1
부적,1
퇴장,1
쪼꼬렛께읶,1
박명수,1
짝사랑,1
띄우기,1
남아도,1
멸치젓,1
땐스,1
비효,1
베이커,1
잔해,1
애꿎,1
한해,1
쎅,1
잡칠,1
연하,1
콘셉트,1
장비,1
푸른,1
삼위일체,1
닉값,1
꿔버,1
기면,1
호남,1
배합,1
파트,1
냉칼,1
얘깃,1
구경삼,1
갠적으루,1
미씨,1
엔도,1
부활,1
한성대,1
방탄소년단,1
둠칫둠칫,1
스누피,1
전어,1
퐁신퐁,1
신촉,1
수렴,1
만회,1
풀빵,1
전자부품,1
복의,1
확산,1
목도,1
돈암,1
그르지말아줭,1
나왓는데,1
개편,1
하향,1
피지,1
대원,1
심난,1
사색,1
초코우유,1
노브벅,1
혼맥,1
보문역,1
점령,1
영양소,1
섭취,1
메회,1
곤혹,1
삼김,1
정산,1
발렛된다,1
짬바,1
문구점,1
따윈,1
즉떡맛임,1
버스정류장,1
하차,1
구반포역,1
쓰나미,1
과천,1
중딩,1
담임,1
달후,1
벤쯔픽,1
코인,1
산산조각,1
금속성,1
강추임펄앤콜,1
곁땀,1
무둑둑,1
불쾌감,1
숨죽,1
패스트리,1
뚜레쥬르,1
주필,1
김영희,1
남부,1
마싯슴,1
팥맛,1
산패,1
불친철함,1
맛관,1
씨알,1
부서,1
언성,1
딲,1
생자,1
계모임,1
악명,1
노자,1
묵밥,1
찬사,1
주르륵,1
합창,1
통수,1
개똥,1
청계산입구역,1
소반,1
안쉼,1
눈썰미,1
아쉅,1
확신,1
메콩,1
한산,1
면때매,1
오류로,1
집게벌레,1
쌨어,1
족함,1
분기점,1
쫀득했던,1
정자,1
처제,1
동서,1
산업,1
횡설수설,1
연명,1
강남대로,1
일향,1
더덕더덕,1
칵,1
정획,1
면를,1
입점해,1
궁물맛,1
흑우,1
집합소,1
장꼬방,1
괴로움,1
떼웠,1
스끼너무,1
거북,1
괜찬하,1
선맛,1
굿잡,1
아게나,1
탱글턍글,1
별넷,1
별셋,1
사래,1
비렷음,1
치과,1
마취,1
발렛피,1
굽네치킨,1
오프너,1
불판앞,1
특식,1
버르게리따,1
머쉬움,1
패키,1
분해,1
바뿌셔,1
영업일,1
맛없쪙,1
시망,1
흑인,1
조오오오오,1
떡안,1
존마슈,1
개개,1
비후까스,1
그녕그,1
격조,1
리코스,1
창립,1
주덕,1
성오,1
덕성,1
해루,1
손자,1
다마네기,1
함지박,1
괭,1
가향,1
안세고,1
자율,1
방범,1
송년회,1
꼰대들,1
부식,1
바랬음,1
곤드래밥,1
있어욬,1
스펀지,1
샤프란,1
글쎙,1
안닝,1
고에몬,1
봣어,1
만칠천원,1
꼬셔,1
저녁밥,1
마스터,1
여종,1
정용진,1
부회,1
옹기종기,1
크래프트,1
틔,1
프라이데이,1
나잇,1
용진,1
포일,1
데블,1
도어,1
선체,1
스타우트,1
레그,1
휑해,1
흡족,1
촣,1
낭비,1
스윽,1
뻥카,1
미니스커트,1
요리실,1
앞통,1
브라질리아,1
평정,1
괜찬을듯,1
스테키,1
케빈,1
실버,1
카를,1
샘밭,1
훌,1
쫀득한데,1
늘렁늘렁,1
스며듬,1
우상,1
퐝퐝,1
셋팅된,1
병따개,1
부야베스,1
인학,1
스포크,1
방배역,1
장군,1
원내,1
공명,1
태안,1
막무가내,1
싱크,1
널뛰기,1
애석,1
톰볼,1
톰,1
규율,1
틔어져,1
웅웅거렸어,1
마피아,1
무트,1
후론,1
웅거,1
삼결,1
냉소,1
진곳,1
카리,1
푸팟퐁카리릉,1
난립,1
정자동,1
음번,1
확진,1
판정,1
강남구,1
유흥업소,1
가라오케,1
무슬림,1
할랄,1
법함,1
악바리,1
손해배상,1
약탕,1
개인화,1
퍼다,1
손데,1
우정식,1
덤덤,1
아따,1
꾸룩꾸룩함,1
시루,1
드글드글해,1
미스테리,1
코나미,1
서현,1
유타,1
라멘교,1
캬앙,1
정호균,1
슈렉,1
리하,1
세비,1
부탁드,1
진땡,1
재순,1
강남구청역,1
주기도,1
뜰집,1
시험,1
갈라,1
끄럽,1
은한,1
벼,1
북미,1
쪼앙,1
팅커벨,1
올반,1
별탈,1
호윤,1
쮸즈,1
꾼,1
샹치,1
조카,1
미타,1
니야,1
교대역,1
족타,1
쯔유밥,1
내방역,1
거일,1
라따,1
초키,1
시보,1
불토,1
특보,1
키라,1
안건,1
흐규,1
슬림,1
슬림임,1
어중간,1
딴델,1
좁아욬,1
세배,1
불구덩이,1
반원,1
샐몬,1
괘안음,1
스케이트,1
땍,1
다채롭거,1
티브이,1
발랫파킹비,1
엔제리너스,1
머리털,1
배서,1
착정,1
화백,1
혓바닥,1
사포,1
훋,1
다시금,1
죽돌이,1
물막,1
양재시민의숲,1
푸르름,1
바닐랄,1
찌릿할정,1
맛딥,1
그득,1
랩더,1
연태,1
고량주,1
사만오천원,1
샤리빼곤,1
각격,1
셑,1
바렛,1
오물,1
옴총,1
치친,1
화성,1
알러지,1
견들,1
펫,1
줄바,1
퍼스,1
변업,1
카프레,1
수도원,1
센트럴시티,1
전고,1
곧곧,1
생화,1
팬넬,1
운닭,1
부떼끼,1
분배,1
힙한듯,1
맥아,1
마롱,1
웨딩홀,1
봉은사,1
엘레베이터,1
공포,1
와글,1
차근차근,1
주먹질,1
천사,1
어랏,1
왤케높,1
랄것,1
조리면,1
안바,1
풍채,1
궈빠,1
장수원,1
중계,1
완맛,1
복어,1
정확,1
잡뼈탕,1
중장,1
년층,1
노숙자,1
비실,1
정관,1
빽,1
해남,1
각거리,1
앨리게이터,1
나보이,1
정겨운,1
라틴,1
대량생산,1
아중,1
어포,1
같슴당,1
지하철역,1
회용컵,1
폐기물,1
머그,1
삭회,1
나빳다,1
히레가츠,1
심볼,1
일차,1
신라면블랙,1
윤경,1
치앙마이,1
뻥,1
티타임,1
스탭모,1
왈왈왈,1
삼만오천원,1
뉴트로풍,1
밀페,1
유나,1
안식,1
코끝,1
터탓츠,1
낫초,1
베란다,1
한정판,1
향비,1
슷햇,1
가일,1
명심,1
괜춘할듯,1
엠디,1
굿즈들,1
융합,1
롷,1
두껭,1
조선왕조,1
상궁,1
전수,1
쫄깃쫄깃함,1
맵달,1
호명,1
순치,1
치받음,1
그사세,1
악떡,1
오이랑,1
누르기,1
널널함,1
동원,1
추풍령,1
아숩아숩,1
휘황,1
꼬시려,1
계서,1
소생,1
이십,1
한평생,1
괜챦으,1
관찮은편,1
어쩌겠,1
쫀든쫀,1
스페셜에디션,1
츠홉,1
사츠,1
홉,1
전생,1
공중화장실,1
공신,1
페이스북,1
발휘,1
획기,1
피플,1
리무,1
볼렌소,1
코크,1
메이커,1
한신포차,1
점응,1
삼부,1
눈송이,1
찌깨,1
간반,1
루고,1
인내,1
뚝섬,1
세탁소,1
굴무체,1
막강,1
쥐남,1
참숯,1
엠티,1
안내면,1
언뜻,1
친철함,1
숨뼈국,1
신세대,1
이촌동,1
봇셨,1
고든,1
램지,1
명언,1
수의사,1
여야,1
까츠,1
줜내,1
셋팅할때,1
그랭,1
커틀릿,1
킵,1
돈가쓰,1
강햇음,1
만조,1
용정,1
왤케많,1
주륵,1
물색,1
후람,1
딸케,1
자몽쥬스,1
억,1
위키,1
정미소,1
장미목,1
아름드리,1
스페이스,1
전등,1
네모,1
구경만,1
양액재배,1
조형,1
그레잇,1
잔당,1
아이리쉬,1
겅,1
진행중,1
횡,1
레이아웃,1
다운로드,1
회선,1
공유기,1
베트멍,1
골랏나봐,1
어향부,1
자의,1
이상정,1
압승,1
잔득,1
샘플링,1
어메이징,1
팅때,1
빈틈,1
구셔,1
마사,1
표지,1
건포도,1
배용준,1
매리,1
카노,1
힙허,1
진규,1
페스트리,1
느긋,1
우등,1
심의,1
비트리,1
돼지껍질,1
콘킬리,1
허무,1
키트,1
티위,1
룡,1
차향,1
점줄,1
수영장,1
토마토주스,1
사진관,1
날뻔,1
메기,1
머르겠어,1
파닭,1
잘눌렸,1
폐목,1
담에안갈듓,1
상단,1
위험부담,1
과언,1
스탠딩,1
쇳소리,1
도라지,1
리차,1
허수,1
락스,1
잡침,1
닮은꼴,1
년반,1
이주일,1
복근,1
핫팩,1
메쉬,1
공간활용,1
니요,1
장기간,1
길냥이,1
족구,1
나가시,1
헐레벌떡,1
기점,1
은주,1
집등,1
겄,1
홈피,1
레큘러,1
도정,1
매도,1
현상,1
충청도,1
해볼껄,1
닝닝했음,1
유저,1
청각,1
껌스언,1
넴,1
게머,1
까놀레,1
멜로,1
뱃가죽,1
등짝,1
무신경,1
엣날,1
의잔,1
훔볼트,1
셰리,1
바작바작,1
밍숭맹숭해,1
아만,1
에센스,1
쫀딕,1
학,1
피치스,1
경하,1
아홉시,1
비싸욤,1
서여,1
오르락,1
내리락,1
세작,1
티룸,1
멘토,1
맛차블,1
맛차,1
세레모니,1
회말,1
만육천원,1
관찮음,1
느글거린,1
야파,1
성준,1
소화기,1
양하,1
츄리닝,1
옴뇸뇸,1
견주들,1
만년설,1
순화,1
빠오쯔,1
쨔샤이,1
쨔샤,1
꿀팁,1
통풍,1
직격,1
종았,1
재래식,1
깔꼼,1
일만,1
못햇,1
칼라,1
아로마,1
빻,1
무심,1
집옆,1
였름,1
간접흡연,1
동작,1
기습,1
확정,1
떼잉,1
모함,1
샥쉬카,1
쌍계,1
퀴진,1
팔천원,1
사드,1
손수,1
마늄,1
우월,1
나머,1
전복장,1
방문객,1
오든,1
민소매,1
음해,1
거름,1
스카치,1
무안,1
외피,1
쩌덕쩌덕,1
겸상,1
득템,1
방인,1
단층,1
홍어삼합,1
툭선,1
공심채,1
레이첼,1
럽,1
포도,1
아늼다,1
금호동,1
맥플러리,1
불결,1
아비,1
레스,1
옴뇸놈,1
뉴타운,1
거점,1
돈꼬츠리멘,1
돈꼬츠,1
이강,1
만듀,1
츼향,1
자격,1
강항,1
추남,1
햤습,1
노로바이러스,1
아치로,1
홀스래디쉬,1
게다,1
벅벅,1
안스,1
쩔,1
아산,1
깐픙기,1
데임,1
동구,1
시긴,1
로거,1
류산슬덮밥,1
체면,1
치레,1
약시,1
복완,1
레이먼킴,1
대문,1
실내장식,1
귀퉁이,1
류정,1
남동쪽,1
거중,1
쫄깃합,1
비늘,1
처골박,1
냉부,1
경질,1
신학대,1
별룬,1
말걸,1
사촌,1
천지,1
자의식,1
생활자,1
도키,1
야맹증,1
깜깜,1
하교,1
거도,1
쌍벽,1
피터팬,1
아궁,1
도리도,1
듟,1
천막,1
큐슈,1
유치,1
호칭,1
막판,1
안통,1
다다다,1
과테말라,1
장기,1
프랩,1
리다,1
유랑,1
킹정,1
온누리상품권,1
응수,1
빌런,1
원문,1
수명,1
마법,1
마쉿내욤,1
도투락,1
매가,1
줄스는데,1
팔이,1
간자장,1
봄직,1
밑천,1
지수,1
뽀글이,1
남가좌동,1
승승장구,1
에그스크램블,1
마포구,1
섬,1
배열,1
프랫츨,1
비취,1
인주,1
이화원,1
주식회사,1
맘때,1
장임,1
이기만,1
약지,1
츄파춥스,1
오페라,1
차트,1
휴식,1
길에잏는,1
붋편,1
퀵,1
비교우위,1
이화여대,1
예언,1
노바,1
연육,1
사국,1
매상,1
랜드마크,1
싹수,1
괜찬은편,1
빈약,1
로티,1
자릿값이겠,1
아우라,1
다즐링,1
로리스,1
퇴색,1
유미,1
비릿한맛,1
폭포,1
인물,1
비루,1
노래방,1
소꿉놀이,1
몬자,1
오코노미,1
몬쟈,1
바사,1
수염,1
말증,1
횟감크,1
차항,1
끼린,1
이아주,1
꼬린내,1
마루이,1
보석,1
트름했어,1
민국,1
따갈로그어,1
롱보,1
자투리,1
방토,1
젠데,1
와일드,1
후속작,1
공룡,1
교생,1
붙여넣기,1
대가면,1
펙트,1
지신,1
놨다,1
지표,1
배변,1
강쥐,1
당첨,1
범죄,1
퇴점,1
협의,1
압패하,1
여과,1
덕일,1
심화,1
버시,1
대못,1
윰,1
위일,1
철,1
알맹이,1
스노우,1
여울,1
깜,1
훨나,1
떢,1
아보카,1
도포,1
케나,1
촌닭,1
삼각김밥,1
사양,1
애호박,1
소유진,1
규슈,1
즉슨,1
충정,1
밥말,1
믹서기,1
백색,1
도코츠,1
찻슈,1
백선생,1
영하,1
기온,1
비킹,1
코숏,1
맛잇엇습,1
메밀막국수,1
수료,1
수료증,1
슈비,1
쭈굴쭈굴,1
탱고,1
주광,1
텀퍼링,1
리살,1
궈먹는,1
초도,1
백퍼센트,1
밥말아드심,1
여행가,1
삘받,1
흉내내,1
매치,1
벌걸큉,1
갖가지,1
신제품,1
문인진,1
급성,1
두드러기,1
나뿌진,1
끈끈,1
비호감,1
얆,1
해돋이,1
하위호환,1
피맛,1
진자,1
셰퍼드,1
담요,1
꺄늘레,1
름,1
하인,1
사용설명서,1
돈돈,1
스테끼동,1
짠편이므,1
모파상,1
명지전문대,1
이대,1
사모사,1
경안,1
있쬬,1
화쿵부,1
다실,1
영햠,1
소화도,1
버번,1
홍제역,1
쬬오꿈,1
셀바,1
주재,1
엄첨,1
층퇴,1
크리스피크림,1
한천,1
젤라틴,1
반신반의,1
쫀득쫀득한건,1
첨가제,1
둣해,1
수작,1
목심,1
밥쌀,1
씌였는,1
저걸,1
다이코,1
속지,1
난닝구,1
체코,1
서일,1
박서방,1
음주,1
달콤새콤,1
춧쵼,1
빰침,1
타가,1
필스너,1
탭스터,1
세잔,1
연동,1
세스쿱,1
코커스,1
코디,1
포그,1
포르테,1
아트,1
협조,1
각성,1
부득이,1
일주,1
솔티,1
마끼아또,1
등골,1
모토,1
명예훼손,1
게시,1
게제,1
뽀또맛,1
트윅스,1
고디바,1
페레로로쉐,1
행복감,1
지층,1
다섯시,1
함앞,1
념념굳,1
환율,1
삼중고,1
관할,1
알림,1
발송,1
알람,1
정비,1
괞찮은데,1
뽂음,1
중과,1
역습,1
삥,1
보주,1
닭맛,1
꿩,1
그먕,1
가야금,1
케이팝,1
돌려막기,1
알목,1
벽돌,1
레퍼런스들,1
버무렸,1
혐오,1
햇었,1
나영,1
백암,1
가락시장역,1
시라,1
여부,1
월동,1
읍밥,1
업종,1
팅극혐,1
개국,1
황게,1
덜맵,1
성찬,1
쯧쯧,1
괞찬,1
가상,1
알맛,1
조석,1
시댁,1
려워,1
회덕,1
못느꼇다,1
뱅,1
랏샤,1
타이가,1
계란노른자,1
즐거웟,1
아쉬웟다,1
동면,1
가츠오부시,1
천재,1
팅룸,1
줭,1
뷰깡페,1
창렬스러움,1
번왔느넫,1
같네욜,1
욘,1
두건,1
본스,1
마효,1
이바,1
랜,1
복통,1
이웃,1
마코,1
미도리,1
축하,1
선영,1
교환,1
누낌,1
마다나,1
이호,1
박치,1
자완무시,1
스페샬,1
팡케키,1
수거,1
낮슴다,1
양과자,1
웬걸,1
핑크색,1
바위,1
요건,1
임금,1
집게발,1
구스띠모,1
만장일치,1
임성언,1
발효종,1
브릿젤,1
통밤,1
괜춘했음,1
앞마당,1
이하일,1
입력,1
많쿠,1
우군,1
훈툰,1
속초,1
비뭐임,1
샤오롱빠오같,1
빠레,1
물김,1
동치,1
민지,1
벌금,1
재는,1
청춘,1
팍팍듬,1
수칙,1
옵,1
특양,1
깔깔이,1
머르겠당,1
실끌벅,1
안정감,1
오금동,1
겉맛,1
바스락,1
감임,1
인의,1
토이,1
분다,1
끗,1
유부도,1
모락모락,1
고막,1
차원,1
실과,1
소변,1
태평양,1
노사연,1
모꼬지,1
으루,1
짤짤,1
폭팔,1
숨결,1
퐁신쫄깃,1
어억,1
퐁신,1
나스,1
광교,1
또르르,1
철사,1
무한소,1
비더,1
대사,1
구천,1
소의,1
소모,1
피나콜라다,1
조광,1
바부르,1
동공,1
속쫀득,1
웅개져,1
옴청,1
위쪽,1
수혜,1
앙카케,1
애호,1
기행,1
야구장,1
늦,1
신천역,1
닭임,1
렁,1
안습,1
이탈,1
열사병,1
헤헤,1
소셜커머스,1
뿌엉,1
분들껜,1
게시판,1
최현우,1
훗카이도,1
지하상가,1
아닌슈페너,1
투머,1
손에꼽는편,1
고분,1
장다리,1
달걀프라이,1
스렇,1
실것,1
다이어터,1
요법,1
탄수,1
방탄,1
온라인,1
막창류,1
비온,1
젛,1
욕창,1
쪼오끔,1
수퍼,1
귀차니즘,1
탕안,1
잠실역,1
가성은,1
불면,1
잉클링,1
콘서트,1
향취,1
제이스,1
러브,1
고작,1
광팬,1
하연,1
위례,1
장단점,1
비스트,1
누굴,1
몽골리안,1
존칭,1
싯,1
한치,1
원안,1
짯다,1
걔네,1
유사,1
데바,1
청귤,1
차창,1
밑찬,1
칠일이,1
휴무여부,1
맛창,1
인간관계,1
문정동,1
거여역,1
가락시장,1
자작,1
현관,1
신발장,1
방이역,1
돈암동,1
조윤희,1
만구천원,1
협력,1
대뜸,1
특스,1
폐설,1
잼남,1
달단,1
시미,1
혼술러,1
부다,1
패스트,1
꽃집,1
단잠,1
술함,1
실거,1
넘버,1
판가름,1
할로윈,1
위아래,1
거짓,1
스벅중,1
개똥망임,1
어쨰,1
버퍼링,1
품평,1
쌘편,1
육스,1
피나,1
뽕나무,1
기품,1
커텐,1
정액,1
전면,1
접이식,1
도로로,1
창렬임,1
쿠션,1
그녕,1
애들데꼬,1
멈칫,1
상투스,1
한그루,1
통생,1
사절,1
겅질겅,1
뭐뭐뭐,1
식탐,1
목동역,1
누런,1
할아범,1
이상만,1
할범,1
원희룡,1
맹형규,1
정몽준,1
못혀,1
가짐,1
상업성,1
무아,1
질병,1
민감,1
쨍그랑,1
교황,1
목교,1
비시,1
불경기,1
원주,1
시발,1
우수수,1
레즈,1
핫티,1
생생,1
아이미,1
듐레,1
경찰,1
외풍,1
마음대로,1
빵안,1
자등,1
전락,1
오목교역,1
환경보호,1
찿았으면해,1
길빵,1
복찜,1
꽃징,1
힐끔,1
대전,1
캠핑장,1
입실,1
쥐치,1
회포,1
스무,1
꽤맛,1
핫스팟,1
황사,1
청정기,1
능이,1
송풍,1
모드,1
바르게,1
잡체밥,1
오들오들,1
매실주,1
사천짜장,1
기스면,1
황궁,1
넌센스,1
화지,1
사약,1
흘겨뜨,1
반계,1
주일,1
라라,1
확성기,1
이정식,1
호두과자,1
델리,1
생기지,1
행세,1
감투,1
프티,1
기물,1
어거지,1
싱황,1
일사천리,1
다닥,1
생초콜릿,1
펀육,1
번말,1
순복음교회,1
여의도순복음교회,1
장벽,1
차세대,1
왕좌,1
약소국,1
그래욯,1
장땡,1
힝구,1
가스렌지,1
가열,1
리하나,1
맛맀어,1
산임,1
국회의사당,1
창쪽,1
샥슈카에그인헬,1
살사소스,1
고층,1
로지,1
햇던,1
메이트,1
유품,1
물품,1
화공,1
의류,1
년차,1
송원,1
매기,1
칼비,1
템데,1
솔찌키,1
성향,1
독창,1
맵닷,1
친전,1
코딱지,1
짝짝,1
부글,1
성루,1
토마토쥬스,1
퍼레이드,1
꽃장식,1
주자,1
어림,1
코풀,1
물렁뼈,1
그늘,1
난좀,1
초코소라빵,1
욬,1
지루,1
수리,1
섹션,1
설비,1
목덜미,1
자진,1
쫄깃한맛,1
간방,1
목욕,1
생생정보통,1
괜춘할,1
사형,1
럈,1
무르,1
인체,1
학적,1
직각,1
무방비,1
콘플레이크,1
탐욕,1
실맹,1
찜통,1
평상,1
찜짐,1
그간,1
누룽밥,1
괘아늠,1
두서,1
로워,1
완뽕한다,1
위경련,1
토한다콧물같,1
점액,1
콧물,1
쏙쏙,1
사생,1
결판,1
완뽕함,1
달팽이,1
햐용,1
개월수,1
개구리,1
회류,1
껍대기굳,1
쫀득살,1
승률,1
공이,1
버킷,1
도무지,1
보삼,1
네임텍,1
쉬외,1
승합차,1
실어,1
홍수,1
양키즈,1
슈거,1
심신,1
한술,1
재석,1
이형,1
맥코이,1
판타스틱,1
스테미너,1
줄땐,1
두툼히,1
네팔,1
인도인,1
풀맛,1
공업,1
무쟈,1
깜끔,1
지류,1
중임,1
이양,1
황해도,1
대림동,1
발행,1
인과,1
양조,1
철제,1
혼재,1
과메기,1
취했을때,1
목청,1
얼굴빛,1
웨이브,1
젠트리피케이션,1
택스,1
현금영수증,1
구함,1
차하,1
얄짤없,1
비스큐,1
력도,1
스파이크,1
인업,1
뚜렷,1
공법,1
부안,1
켁컼거림,1
몽,1
탁상,1
괜츈다,1
용품,1
강좌,1
꽤괜,1
미달,1
사기그릇,1
김칫국,1
풀토핑,1
구이구이,1
이편,1
이영돈,1
박력,1
개노맛임돠,1
빅뱅,1
엠씨몽,1
포맨,1
충무,1
국악인,1
다량,1
살떡,1
님,1
퓨어,1
티슈,1
백리향,1
적성,1
훽,1
운기,1
젭알,1
해우,1
세인,1
건데기,1
대인,1
촌놈,1
롯디,1
리아나,1
프램차,1
게이트,1
오월,1
의종,1
시류,1
머르겠음,1
창렬하,1
저녝,1
하나은행,1
야마,1
본능,1
정답,1
빗물,1
이햐되,1
추세,1
숮불,1
어죽,1
널브러져,1
시드니,1
서양화,1
쉬밥,1
파오,1
트라우마,1
풍류,1
이한상,1
정직,1
근속,1
차장,1
콘래드,1
플러,1
솜사탕,1
마시멜로우,1
쉣키쉣키,1
끈기,1
헬스장,1
곤트란,1
쉐리,1
상회,1
괘찮았,1
뽀찌콜,1
남생,1
포텐,1
팥소,1
바닷가재,1
좋을듭,1
중경,1
시켜볼껄,1
무후,1
옐로,1
때온,1
동해,1
마셧을때,1
걺,1
여통,1
디파,1
입금,1
논란,1
였듬,1
회수,1
뭐니뮈,1
이성,1
뚬,1
늘걸,1
츄쳔합니댜,1
뒷정리,1
파스카,1
회시,1
클라스,1
경쟁심,1
달마,1
없넹,1
히히히,1
깃쫄깃쫄,1
또안,1
동고,1
여의도역,1
캐파,1
겉모습,1
어복쟁빈,1
없엇구,1
펑범,1
철회,1
닭새우,1
신룽푸,1
옥탑방,1
소나기,1
빗방울,1
방수,1
처분,1
괴,1
가수만,1
죤맛,1
스무살,1
매톰,1
상쇄되,1
탕국,1
룽,1
셋임,1
당산역,1
곳맛,1
바라냐,1
만오천,1
폴폴,1
신비,1
그랜마,1
사의,1
채널,1
갑부,1
국민은행,1
양주,1
놀,1
짚,1
볼모,1
짚불,1
음으로,1
분주,1
방맛,1
거누,1
팬씬,1
페퍼,1
경기,1
화룡,1
점정,1
나먼,1
코알라,1
관상,1
종목,1
우연이,1
마누라,1
호기,1
슬로우,1
불운,1
더벡,1
츤,1
감옥,1
독툭,1
개쩌,1
줏었다,1
고름,1
통카넛애프리콧,1
너트,1
파티셰,1
쇼트,1
포카,1
부메랑,1
패숀,1
끝쪽,1
진짜루,1
창의성,1
유머,1
코슨데,1
휑할때,1
만드,1
보는견,1
군만듀,1
수원시,1
한파,1
생닭,1
김맛,1
아가서,1
차안,1
냐뤼,1
스읍,1
희한,1
빈공간,1
세종,1
누룸,1
테킬라,1
파이팅,1
추리,1
딜로,1
슈스트,1
초등생,1
와프,1
맥시,1
답답스,1
타키,1
슝슝,1
입컷,1
울산,1
빳빳한개,1
아야,1
숙대역,1
점맛,1
강풀,1
김여사,1
마름,1
난나,1
허머스,1
천해,1
잔좀,1
위험천만,1
라야,1
트탑,1
힙한거,1
런치할때,1
빠레뜨,1
돈대,1
칼존,1
힙한데,1
트러,1
경보,1
정리정돈,1
김앤장,1
쩌,1
늠,1
정신승리,1
게르만,1
조앙,1
딘딘님,1
별러,1
김보성,1
옥루몽,1
동빙고,1
여덟시,1
메밀묵,1
깽,1
빙문,1
건우,1
부여,1
롸,1
레진,1
피그,1
남용,1
팔꿈치,1
고비,1
달짝찌,1
급냉,1
채무,1
주먹구구,1
야식,1
심겹살,1
삽결,1
쿠킹호,1
그랜파,1
펩시,1
섭렵,1
돈빔,1
적신,1
토대,1
국뭴,1
놨으,1
멕혔어,1
그누,1
선뜻,1
아사이베리,1
경남,1
쫄여,1
귝물,1
미상,1
테넌트,1
삿는데,1
딴맛,1
융화,1
배차,1
보광,1
오피스,1
트래픽,1
덕택,1
매웁다,1
떡맥,1
조스,1
민경,1
스터리지,1
팬더믹,1
대연,1
피로,1
홀린,1
무명,1
지망,1
변치,1
마오,1
남북,1
엇국,1
울릉도,1
주전부리,1
어류,1
탕류,1
죽겄다,1
밥를,1
힙합,1
타바스코,1
럭키,1
말랫,1
자룰,1
어나더,1
생갑,1
썰렁,1
쏫,1
쭈삼집,1
뭐길,1
자칫,1
고칼로리,1
댕댕,1
또띠야,1
대리,1
물세팅,1
애머,1
와타시,1
분서,1
최후,1
글뻔,1
길고양이,1
죱,1
너희,1
몬티,1
켜봄,1
스테잌,1
최하,1
바비큐,1
텍사스,1
백인,1
히팅,1
지우개,1
빠쥬,1
기술자,1
오카,1
팟카파오무쌉,1
남영역,1
페브리즈,1
쫄깃쫄깃했다,1
코비,1
육덕,1
패션후르츠,1
이상형,1
조뽭,1
기진,1
포도주스,1
이거슨,1
혼마,1
화욜쯤,1
안됏으,1
해지니,1
빗살,1
현빈,1
시크릿가든,1
홍준표,1
조영남,1
대담,1
샥슈,1
섭,1
조수용,1
디자이너,1
세련,1
바통,1
무딘,1
노르웨이,1
도데,1
조오오오,1
어둠,1
서툼,1
스카,1
비판,1
삼각지역,1
말알,1
자중,1
시브,1
버팔로윙,1
글케,1
유해,1
아베,1
본디,1
목축,1
성립,1
요랑,1
진학,1
어그,1
베일,1
뇌진탕,1
작용,1
패투,1
정시,1
르번미,1
이탤리,1
옇,1
강했슴,1
널린,1
커스,1
페일,1
애일,1
편집,1
질라,1
무딘편,1
세팅된,1
할하,1
대란,1
한성옥,1
용문동,1
누드,1
우암,1
부모,1
반성,1
철거,1
오므랫,1
낙타,1
원빈,1
어땟는,1
투스타,1
늬끼,1
장터,1
연두색,1
푸빠,1
노비,1
갠찮넹,1
머릿속,1
놀러와,1
간터,1
시리아,1
유목민,1
셀러,1
아랍,1
탈수,1
야만,1
핀셋,1
경리,1
진부,1
코트,1
망정,1
땡큐,1
리테일,1
러리,1
뚜껍,1
오오오,1
달콘,1
에쏘,1
스코프,1
마더,1
명욱,1
쁠라또,1
뽀요쁘리또,1
강황,1
레아,1
스크램블에그,1
팟다이,1
메시지,1
오윤혜,1
눈구,1
유우,1
뭘또,1
돈고츠,1
처자,1
사내,1
지남,1
발끈,1
재밋움,1
반했어,1
응듯,1
후암동,1
완조,1
포카리스웨트,1
열대과일,1
난의,1
스마트폰,1
싸이,1
바틀,1
코젤,1
답습,1
행정부,1
오토,1
설화,1
좋른,1
숄더렉,1
오렌지볼,1
꾸밈,1
피심,1
전자담배,1
당고,1
론거,1
동화,1
교토,1
비막,1
햄버그,1
헛탕칠수,1
간날,1
솜,1
술탄,1
러시아요리,1
한남대로,1
야키니쿠,1
이제야,1
치맥,1
대니쉬,1
촘촘,1
바킹,1
푸대접,1
녹사평역,1
동기부여,1
영종,1
도민,1
축복,1
도약,1
차이니즈,1
엑스트라,1
미트,1
차임,1
멀겋다,1
언덕길,1
중국동북,1
불분명,1
도야,1
김치라면,1
미제,1
괘찮,1
셨음,1
티자,1
안티,1
콰르텟,1
브리티쉬,1
쵸콜렛,1
로쿰,1
적기,1
더없이,1
바클라바,1
단짝,1
소선,1
임산부,1
보오,1
신흥로,1
북쪽,1
호우,1
평균값,1
싱크로,1
원앙볶음밥,1
불볕,1
아시안,1
굴소스,1
맛소금,1
스탁,1
콩고기,1
판나코타,1
네이션,1
타자기,1
쿼츠,1
본드,1
화학,1
배불럿네용,1
바바,1
빠가사리,1
도너,1
아이파크몰,1
도덕,1
흠좀무,1
쌔졌어,1
콩알,1
챱챱,1
